turn_index,turn_id,call_sid,stream_sid,session_id,turn_started_at_utc,turn_committed_at_utc,response_first_audio_sent_at_utc,playback_completed_at_utc,customer_said,cleaned_text,normalized_text,bot_internal_response_text,bot_spoken_response_text,response_key,state_before,state_after,pending_action,current_prompt_field,current_item_id,current_item_name,intent_main,intent_sub_intent,intent_effective,intent_confidence,slot_names,slot_values,customer_wait_for_first_audio_ms,customer_wait_until_playback_complete_ms,turn_commit_to_playback_complete_ms,stt_final_to_turn_commit_ms,engine_processing_ms,response_render_ms,tts_request_to_first_audio_chunk_ms,turn_commit_to_first_audio_sent_ms,stt_final_to_first_audio_sent_ms,engine_end_to_first_audio_sent_ms,tts_first_chunk_to_first_audio_sent_ms,tts_request_to_last_audio_chunk_ms,first_audio_sent_to_last_audio_sent_ms,first_audio_sent_to_playback_ack_ms,mark_sent_to_mark_received_ms,twilio_estimated_playback_ms,twilio_estimated_transport_and_ack_overhead_ms,twilio_estimated_one_way_start_ms,first_inbound_audio_to_playback_ack_ms,first_inbound_audio_to_turn_commit_ms,user_speech_start_to_stt_final_ms,first_inbound_audio_to_stt_final_ms,estimated_unattributed_ms,time_preprocess_ms,time_nlu_ms,time_flow_ms,time_route_ms,time_handler_ms,time_intent_det_model_ms,time_slot_model_ms,inbound_audio_bytes,outbound_audio_bytes,outbound_audio_duration_ms,tts_text_chars,stt_final_text_chars,command,notes,gpt_called,gpt_decision,gpt_selected_intent,gpt_confidence,gpt_total_ms,gpt_timeout,gpt_applied,gpt_fallback_type,add_item_extractor_called,add_item_decision,add_item_items_count,add_item_confidence,add_item_total_ms
1,6e257047605544f7a467dfa58236a038,CAf3545c5cc918dfe9161b8556b4211ff2,MZeb36550d383e27a14fb06759273a68ec,CAf3545c5cc918dfe9161b8556b4211ff2,2026-05-18T15:40:33.838111+00:00,2026-05-18T15:40:33.838111+00:00,2026-05-18T15:40:35.522712+00:00,2026-05-18T15:40:38.526453+00:00,Pickup.,,,Pickup. What would you like to order?,Pickup. What would you like to order?,order_type_captured_pickup,,,,,,,,,,,,,1684.276,4688.011,4687.897,0.113,,0.006,624.879,1684.162,1684.276,,36.373,3040.794,2538.178,3003.735,381.209,2480.0,523.735,261.868,7870.126,3182.228,2011.597,3182.115,1143.626,,,,,,,,24960,19840,2480.0,37,0,null,"{""tts_attempt"": 1, ""tts_progressive_chunks"": [""Pickup."", ""What would you like to order?""], ""tts_progressive_chunk_count"": 2}",False,,,,,False,False,,,,,,
2,7b5bd827b1ce43f3a73963d76ebde52d,CAf3545c5cc918dfe9161b8556b4211ff2,MZeb36550d383e27a14fb06759273a68ec,CAf3545c5cc918dfe9161b8556b4211ff2,2026-05-18T15:40:40.894171+00:00,2026-05-18T15:40:40.894171+00:00,2026-05-18T15:40:42.254281+00:00,2026-05-18T15:40:52.725307+00:00,Chicken burger.,Chicken burger.,chicken burger,"Choose your first add-on. Plain Bun, Sesame Bun, Potato Bun, Brioche Bun, Pretzel Bun, or Whole Wheat Bun, or say 'options' to hear them all.","Choose your first add-on. Plain Bun, Sesame Bun, Potato Bun, Brioche Bun, Pretzel Bun, or Whole Wheat Bun, or say 'options' to hear them all.",ask_for_modifier,idle,waiting_for_modifier,add_item,modifier,f915405d-7ae7-4ff7-95ab-9638684863cd,Chicken Burger,cart,add_item,add_item,0.6708984375,ITEM,chicken burger,1360.039,11831.402,11831.291,0.111,399.494,0.011,634.961,1359.929,1360.039,960.406,37.807,10339.65,9826.629,10471.363,544.985,10080.0,391.363,195.681,14182.72,2351.429,1357.999,2351.318,425.211,0.051,346.975,0.015,0.004,51.965,,,18880,80640,10080.0,141,14,null,"{""tts_attempt"": 1, ""tts_progressive_chunks"": [""Choose your first add-on."", ""Plain Bun, Sesame Bun, Potato Bun, Brioche Bun, Pretzel Bun, or Whole Wheat Bun, or say 'options' to hear them all.""], ""tts_progressive_chunk_count"": 2}",False,,,,,False,False,,,,,,
3,8379ccc08a23480b95757f83d2fde1a8,CAf3545c5cc918dfe9161b8556b4211ff2,MZeb36550d383e27a14fb06759273a68ec,CAf3545c5cc918dfe9161b8556b4211ff2,2026-05-18T15:40:56.192056+00:00,2026-05-18T15:40:56.192056+00:00,2026-05-18T15:40:57.470986+00:00,2026-05-18T15:41:00.428039+00:00,I'll set the Huddl with them.,I'll set the Huddl with them.,ill set the huddl with them,I couldn't find huddl. Which option?,I couldn't find huddl. Which option?,repeat_modifier_options,waiting_for_modifier,waiting_for_modifier,add_item,modifier,f915405d-7ae7-4ff7-95ab-9638684863cd,Chicken Burger,cart,add_item,unknown,1.0,ITEM,huddl,1278.866,4236.099,4235.995,0.105,263.455,0.009,695.517,1278.761,1278.866,1015.285,34.81,3040.892,2469.737,2957.234,388.307,2480.0,477.234,238.617,7686.724,3450.729,1833.495,3450.624,418.97,0.247,174.609,0.012,0.004,86.853,,,27680,19840,2480.0,36,27,null,"{""tts_attempt"": 1, ""tts_progressive_chunks"": [""I couldn't find huddl."", ""Which option?""], ""tts_progressive_chunk_count"": 2}",False,,,,,False,False,,,,,,
4,a2d06842175f402681d0c0bc487029b6,CAf3545c5cc918dfe9161b8556b4211ff2,MZeb36550d383e27a14fb06759273a68ec,CAf3545c5cc918dfe9161b8556b4211ff2,2026-05-18T15:41:03.234349+00:00,2026-05-18T15:41:03.234349+00:00,2026-05-18T15:41:05.703404+00:00,2026-05-18T15:41:11.545684+00:00,All good. Done.,All good. Done.,all good done,I couldn't find all good done. I didn't catch that. Say 'list options' to hear all choices.,I couldn't find all good done. I didn't catch that. Say 'list options' to hear all choices.,repeat_modifier_options,waiting_for_modifier,waiting_for_modifier,add_item,modifier,f915405d-7ae7-4ff7-95ab-9638684863cd,Chicken Burger,conversation,goodbye,unknown,0.443603515625,,,2469.029,8311.191,8311.047,0.144,596.971,0.008,1583.611,2468.885,2469.029,1871.878,0.103,6782.045,5199.491,5842.162,386.222,5400.0,442.162,221.081,11105.598,2794.551,1121.721,2794.407,544.744,0.336,546.893,0.013,0.004,47.954,,,22400,43200,5400.0,91,13,null,"{""tts_attempt"": 1, ""tts_progressive_chunks"": [""I couldn't find all good done."", ""I didn't catch that."", ""Say 'list options' to hear all choices.""], ""tts_progressive_chunk_count"": 3}",False,,,,,False,False,,,,,,
5,a242142344e2481fa31163909889f45b,CAf3545c5cc918dfe9161b8556b4211ff2,MZeb36550d383e27a14fb06759273a68ec,CAf3545c5cc918dfe9161b8556b4211ff2,2026-05-18T15:41:12.232555+00:00,2026-05-18T15:41:12.232555+00:00,2026-05-18T15:41:13.427455+00:00,2026-05-18T15:41:20.543832+00:00,I said home refund.,I said home refund.,i said home refund,"I'm still finishing your Chicken Burger. Please choose a modifier first, or say cancel to drop it.","I'm still finishing your Chicken Burger. Please choose a modifier first, or say cancel to drop it.",block_new_item_until_required_done,waiting_for_modifier,waiting_for_modifier,add_item,modifier,f915405d-7ae7-4ff7-95ab-9638684863cd,Chicken Burger,payment,cancel_order,cancel_order,0.23828125,,,1194.76,8311.506,8311.25,0.255,186.013,0.012,688.226,1194.505,1194.76,1008.436,37.775,7098.316,6631.526,7116.746,385.228,6520.0,596.746,298.373,8984.433,673.183,,672.927,420.245,0.612,122.488,0.009,0.003,61.235,,,5440,52160,6520.0,98,18,null,"{""tts_attempt"": 1, ""tts_progressive_chunks"": [""I'm still finishing your Chicken Burger."", ""Please choose a modifier first, or say cancel to drop it.""], ""tts_progressive_chunk_count"": 2}",False,,,,,False,False,,,,,,
6,69dc9f7fb06e46658b0c8aae11a2cbb8,CAf3545c5cc918dfe9161b8556b4211ff2,MZeb36550d383e27a14fb06759273a68ec,CAf3545c5cc918dfe9161b8556b4211ff2,2026-05-18T15:41:26.513929+00:00,2026-05-18T15:41:26.513929+00:00,2026-05-18T15:41:27.698633+00:00,2026-05-18T15:41:30.897501+00:00,All we've done.,All we've done.,all weve done,I couldn't find all weve done. Which option?,I couldn't find all weve done. Which option?,repeat_modifier_options,waiting_for_modifier,waiting_for_modifier,add_item,modifier,f915405d-7ae7-4ff7-95ab-9638684863cd,Chicken Burger,cart,show_cart,show_cart,0.43603515625,,,1184.867,4383.875,4383.774,0.101,167.816,0.007,686.136,1184.766,1184.867,1016.929,38.115,3243.664,2679.62,3199.007,419.616,2640.0,559.007,279.503,10339.082,5955.309,1053.303,5955.208,430.578,0.251,120.487,0.01,0.003,45.545,,,47680,21120,2640.0,44,13,null,"{""tts_attempt"": 1, ""tts_progressive_chunks"": [""I couldn't find all weve done."", ""Which option?""], ""tts_progressive_chunk_count"": 2}",False,,,,,False,False,,,,,,
7,414e714abc3840ad8bbc78c43b932deb,CAf3545c5cc918dfe9161b8556b4211ff2,MZeb36550d383e27a14fb06759273a68ec,CAf3545c5cc918dfe9161b8556b4211ff2,2026-05-18T15:41:35.386901+00:00,2026-05-18T15:41:35.386901+00:00,2026-05-18T15:41:36.472483+00:00,2026-05-18T15:41:44.462471+00:00,All v,All v,all v,"An add-on is required. Plain Bun, Sesame Bun, Potato Bun, Brioche Bun, Pretzel Bun, or Whole Wheat Bun.","An add-on is required. Plain Bun, Sesame Bun, Potato Bun, Brioche Bun, Pretzel Bun, or Whole Wheat Bun.",required_modifier_cannot_skip,waiting_for_modifier,waiting_for_modifier,add_item,modifier,f915405d-7ae7-4ff7-95ab-9638684863cd,Chicken Burger,conversation,deny,unknown,1.0,ITEM,v,1779.893,9769.856,9075.54,694.316,110.654,0.012,637.47,1085.577,1779.893,974.887,36.843,7858.971,7184.855,7989.963,565.211,7600.0,389.963,194.982,13547.611,4472.07,-60.09,3777.755,577.339,0.487,108.428,0.014,0.004,0.195,,,36000,60800,7600.0,103,5,null,"{""tts_attempt"": 1, ""tts_progressive_chunks"": [""An add-on is required."", ""Plain Bun, Sesame Bun, Potato Bun, Brioche Bun, Pretzel Bun, or Whole Wheat Bun.""], ""tts_progressive_chunk_count"": 2}",False,,,,,False,False,,,,,,
8,775ee01da93440f8827f3b7eda49bb58,CAf3545c5cc918dfe9161b8556b4211ff2,MZeb36550d383e27a14fb06759273a68ec,CAf3545c5cc918dfe9161b8556b4211ff2,2026-05-18T15:41:47.816368+00:00,2026-05-18T15:41:47.816368+00:00,2026-05-18T15:41:48.948840+00:00,2026-05-18T15:41:57.861905+00:00,All be done.,All be done.,all be done,"Let me list them. Your options are Plain Bun, Sesame Bun, Potato Bun, Brioche Bun, Pretzel Bun, or Whole Wheat Bun.","Let me list them. Your options are Plain Bun, Sesame Bun, Potato Bun, Brioche Bun, Pretzel Bun, or Whole Wheat Bun.",list_modifier_options,waiting_for_modifier,waiting_for_modifier,add_item,modifier,f915405d-7ae7-4ff7-95ab-9638684863cd,Chicken Burger,order,checkout,checkout,0.469970703125,,,1132.379,10045.396,10045.301,0.095,142.033,0.009,674.669,1132.284,1132.379,990.231,36.89,8739.956,8288.108,8913.017,524.226,8520.0,393.017,196.508,13384.609,3339.308,1678.514,3339.213,416.256,0.047,100.17,0.014,0.005,40.31,,,26720,68160,8520.0,115,11,null,"{""tts_attempt"": 1, ""tts_progressive_chunks"": [""Let me list them."", ""Your options are Plain Bun, Sesame Bun, Potato Bun, Brioche Bun, Pretzel Bun, or Whole Wheat Bun.""], ""tts_progressive_chunk_count"": 2}",False,,,,,False,False,,,,,,
9,f9257ef2feac45d8b6fd32353084f852,CAf3545c5cc918dfe9161b8556b4211ff2,MZeb36550d383e27a14fb06759273a68ec,CAf3545c5cc918dfe9161b8556b4211ff2,2026-05-18T15:42:01.107648+00:00,2026-05-18T15:42:01.107648+00:00,2026-05-18T15:42:02.204918+00:00,2026-05-18T15:42:10.800875+00:00,All the pants.,All the pants.,all the pants,"Let me list them. Your options are Plain Bun, Sesame Bun, Potato Bun, Brioche Bun, Pretzel Bun, or Whole Wheat Bun.","Let me list them. Your options are Plain Bun, Sesame Bun, Potato Bun, Brioche Bun, Pretzel Bun, or Whole Wheat Bun.",list_modifier_options,waiting_for_modifier,waiting_for_modifier,add_item,modifier,f915405d-7ae7-4ff7-95ab-9638684863cd,Chicken Burger,cart,availability_query,availability_query,0.239013671875,,,1097.219,9693.436,9693.223,0.213,126.171,0.009,630.003,1097.006,1097.219,970.794,38.097,8438.927,7770.988,8596.217,571.16,8200.0,396.217,198.108,12924.646,3231.423,2218.707,3231.21,594.892,0.593,86.395,0.009,0.003,37.741,,,25920,65600,8200.0,115,13,null,"{""tts_attempt"": 1, ""tts_progressive_chunks"": [""Let me list them."", ""Your options are Plain Bun, Sesame Bun, Potato Bun, Brioche Bun, Pretzel Bun, or Whole Wheat Bun.""], ""tts_progressive_chunk_count"": 2}",False,,,,,False,False,,,,,,
10,b3ba89428e1846f4a0b71dcb18d2902c,CAf3545c5cc918dfe9161b8556b4211ff2,MZeb36550d383e27a14fb06759273a68ec,CAf3545c5cc918dfe9161b8556b4211ff2,2026-05-18T15:42:13.984311+00:00,2026-05-18T15:42:13.984311+00:00,2026-05-18T15:42:15.130870+00:00,2026-05-18T15:42:23.920018+00:00,"All good, man.","All good, man.",all good man,"Let me list them. Your options are Plain Bun, Sesame Bun, Potato Bun, Brioche Bun, Pretzel Bun, or Whole Wheat Bun.","Let me list them. Your options are Plain Bun, Sesame Bun, Potato Bun, Brioche Bun, Pretzel Bun, or Whole Wheat Bun.",list_modifier_options,waiting_for_modifier,waiting_for_modifier,add_item,modifier,f915405d-7ae7-4ff7-95ab-9638684863cd,Chicken Burger,conversation,greeting,greeting,0.2861328125,,,1146.694,9936.277,9936.029,0.248,131.258,0.009,678.752,1146.446,1146.694,1015.134,35.713,8739.106,8024.795,8789.583,523.069,8400.0,389.583,194.792,13103.891,3167.862,2131.587,3167.614,578.146,0.74,89.921,0.009,0.003,39.286,,,25280,67200,8400.0,115,12,null,"{""tts_attempt"": 1, ""tts_progressive_chunks"": [""Let me list them."", ""Your options are Plain Bun, Sesame Bun, Potato Bun, Brioche Bun, Pretzel Bun, or Whole Wheat Bun.""], ""tts_progressive_chunk_count"": 2}",False,,,,,False,False,,,,,,
11,7639e00a0bb94a378eb27eb929c6ef82,CAf3545c5cc918dfe9161b8556b4211ff2,MZeb36550d383e27a14fb06759273a68ec,CAf3545c5cc918dfe9161b8556b4211ff2,2026-05-18T15:42:27.565866+00:00,2026-05-18T15:42:27.565866+00:00,2026-05-18T15:42:28.707658+00:00,2026-05-18T15:42:36.942282+00:00,It's December.,It's December.,its december,"Let me list them. Your options are Plain Bun, Sesame Bun, Potato Bun, Brioche Bun, Pretzel Bun, or Whole Wheat Bun.","Let me list them. Your options are Plain Bun, Sesame Bun, Potato Bun, Brioche Bun, Pretzel Bun, or Whole Wheat Bun.",list_modifier_options,waiting_for_modifier,waiting_for_modifier,add_item,modifier,f915405d-7ae7-4ff7-95ab-9638684863cd,Chicken Burger,conversation,greeting,greeting,0.1287841796875,,,1142.042,9376.85,9376.597,0.253,128.124,0.008,674.484,1141.789,1142.042,1013.616,37.008,8178.293,7627.356,8234.809,506.62,7840.0,394.809,197.405,13006.133,3629.536,1698.072,3629.283,440.005,0.631,91.621,0.008,0.002,34.394,,,29120,62720,7840.0,115,12,null,"{""tts_attempt"": 1, ""tts_progressive_chunks"": [""Let me list them."", ""Your options are Plain Bun, Sesame Bun, Potato Bun, Brioche Bun, Pretzel Bun, or Whole Wheat Bun.""], ""tts_progressive_chunk_count"": 2}",False,,,,,False,False,,,,,,
12,0b1c8cf046eb43c78658b8b1793038cf,CAf3545c5cc918dfe9161b8556b4211ff2,MZeb36550d383e27a14fb06759273a68ec,CAf3545c5cc918dfe9161b8556b4211ff2,2026-05-18T15:42:40.620082+00:00,2026-05-18T15:42:40.620082+00:00,2026-05-18T15:42:41.659462+00:00,2026-05-18T15:42:48.818924+00:00,Plain bun.,Plain bun.,plain bun,"Now choose your second cheese. American Cheese, Cheddar, Mozzarella Cheese, or Swiss Cheese.","Now choose your second cheese. American Cheese, Cheddar, Mozzarella Cheese, or Swiss Cheese.",ask_for_modifier,waiting_for_modifier,waiting_for_modifier,add_item,modifier,f915405d-7ae7-4ff7-95ab-9638684863cd,Chicken Burger,cart,modify_item,unknown,1.0,ITEM,plain bun,1039.669,8199.21,8199.02,0.19,94.415,0.007,628.49,1039.479,1039.669,945.028,36.552,7159.227,6654.358,7159.541,425.416,6760.0,399.541,199.77,11864.477,3665.457,1171.947,3665.267,396.334,0.525,76.958,0.008,0.002,15.603,,,29440,54080,6760.0,92,9,null,"{""tts_attempt"": 1, ""tts_progressive_chunks"": [""Now choose your second cheese."", ""American Cheese, Cheddar, Mozzarella Cheese, or Swiss Cheese.""], ""tts_progressive_chunk_count"": 2}",False,,,,,False,False,,,,,,
13,064fe78a2d2a434f8b7f998750ad1c55,CAf3545c5cc918dfe9161b8556b4211ff2,MZeb36550d383e27a14fb06759273a68ec,CAf3545c5cc918dfe9161b8556b4211ff2,2026-05-18T15:42:51.888684+00:00,2026-05-18T15:42:51.888684+00:00,2026-05-18T15:42:53.014251+00:00,2026-05-18T15:43:04.439059+00:00,Swiss cheese.,Swiss cheese.,swiss cheese,"Now choose your third topping. Lettuce, Tomato, Onion, Pickle, Banana Pepper, or Grilled Onions, or say 'options' to hear them all.","Now choose your third topping. Lettuce, Tomato, Onion, Pickle, Banana Pepper, or Grilled Onions, or say 'options' to hear them all.",ask_for_modifier,waiting_for_modifier,waiting_for_modifier,add_item,modifier,f915405d-7ae7-4ff7-95ab-9638684863cd,Chicken Burger,cart,add_item,add_item,0.5048828125,,,1125.636,12550.427,12550.318,0.11,108.804,0.013,682.93,1125.527,1125.636,1016.698,37.656,11219.742,10659.469,11424.791,665.392,11040.0,384.791,192.395,15605.418,3055.1,1240.027,3054.99,433.71,0.743,102.095,0.01,0.004,4.766,,,24480,88320,11040.0,131,12,null,"{""tts_attempt"": 1, ""tts_progressive_chunks"": [""Now choose your third topping."", ""Lettuce, Tomato, Onion, Pickle, Banana Pepper, or Grilled Onions, or say 'options' to hear them all.""], ""tts_progressive_chunk_count"": 2}",False,,,,,False,False,,,,,,
14,5e1124dc50c74acc8d6da26e355da0dd,CAf3545c5cc918dfe9161b8556b4211ff2,MZeb36550d383e27a14fb06759273a68ec,CAf3545c5cc918dfe9161b8556b4211ff2,2026-05-18T15:43:07.789954+00:00,2026-05-18T15:43:07.789954+00:00,2026-05-18T15:43:08.880572+00:00,2026-05-18T15:43:16.957185+00:00,12 onions.,12 onions.,12 onions,"Lastly, choose your sauce. Ketchup, Mustard, Mayo, BBQ, Garlic Aioli, or Chipotle Mayo.","Lastly, choose your sauce. Ketchup, Mustard, Mayo, BBQ, Garlic Aioli, or Chipotle Mayo.",ask_for_modifier,waiting_for_modifier,waiting_for_modifier,add_item,modifier,f915405d-7ae7-4ff7-95ab-9638684863cd,Chicken Burger,cart,modify_item,unknown,1.0,QUANTITY,12,1090.759,9167.862,9167.565,0.297,92.97,0.008,670.795,1090.461,1090.759,997.436,36.595,8079.56,7532.521,8077.104,444.613,7680.0,397.104,198.552,12504.776,3337.211,1933.724,3336.914,426.658,0.139,78.474,0.009,0.003,13.227,,,26720,61440,7680.0,87,9,null,"{""tts_attempt"": 1, ""tts_progressive_chunks"": [""Lastly, choose your sauce."", ""Ketchup, Mustard, Mayo, BBQ, Garlic Aioli, or Chipotle Mayo.""], ""tts_progressive_chunk_count"": 2}",False,,,,,False,False,,,,,,
15,edb97769f11e44fc918fe3dfb483f68f,CAf3545c5cc918dfe9161b8556b4211ff2,MZeb36550d383e27a14fb06759273a68ec,CAf3545c5cc918dfe9161b8556b4211ff2,2026-05-18T15:43:20.843286+00:00,2026-05-18T15:43:20.843776+00:00,2026-05-18T15:43:21.859902+00:00,2026-05-18T15:43:25.097020+00:00,Barbecue.,Barbecue.,barbecue,Chicken Burger added. Would you like anything else?,Chicken Burger added. Would you like anything else?,item_added_successfully,waiting_for_modifier,idle,,,,,menu,browse_category,browse_category,0.179931640625,,,1016.505,4253.364,4253.233,0.131,123.487,0.004,631.106,1016.374,1016.505,892.859,36.919,3259.628,2591.764,3236.859,384.951,2800.0,436.859,218.429,8124.717,3871.484,2601.98,3871.353,521.921,0.063,113.639,0.01,0.003,8.327,,,31040,22400,2800.0,51,8,"{""type"": ""ADD_ITEM_TO_CART"", ""payload"": {""item_id"": ""f915405d-7ae7-4ff7-95ab-9638684863cd"", ""quantity"": 1, ""variant_id"": null, ""sides"": {}, ""side_variants"": {}, ""modifiers"": {""9d05b63e-9646-52bf-986a-0267fb076899"": [{""modifier_id"": ""0f660140-e25b-4797-acc1-50a4fac62ee7"", ""name"": ""Plain Bun"", ""action"": ""add"", ""instruction"": null}], ""6cec82c5-c29c-5a54-8eaa-c776da99aea7"": [{""modifier_id"": ""f8ea629f-ea5e-4823-b07b-cb8b4cdede02"", ""name"": ""Swiss Cheese"", ""action"": ""add"", ""instruction"": null}], ""a127efba-81d0-595a-ad83-6ec43a49029f"": [{""modifier_id"": ""20772c0c-c76c-41f3-a5dc-696c30393b6d"", ""name"": ""Onion"", ""action"": ""add"", ""instruction"": null}], ""ebae1fc8-523e-597f-bc9f-ab659979e769"": [{""modifier_id"": ""fa00414f-5853-53cb-97b5-16be1e074868"", ""name"": ""BBQ"", ""action"": ""add"", ""instruction"": null}]}}}","{""tts_attempt"": 1, ""tts_progressive_chunks"": [""Chicken Burger added."", ""Would you like anything else?""], ""tts_progressive_chunk_count"": 2}",False,,,,,False,False,,,,,,
16,ef6e9d998c544b5c90081f7bcb9755a2,CAf3545c5cc918dfe9161b8556b4211ff2,MZeb36550d383e27a14fb06759273a68ec,CAf3545c5cc918dfe9161b8556b4211ff2,2026-05-18T15:43:27.753082+00:00,2026-05-18T15:43:27.753082+00:00,2026-05-18T15:43:28.793771+00:00,2026-05-18T15:43:37.617764+00:00,No. That's it.,No. That's it.,no thats it,This is a pickup order. Please review your order: Chicken Burger. Your total is $12.68. Should I place the order?,This is a pickup order. Please review your order: Chicken Burger. Your total is $12.68. Should I place the order?,confirm_order_summary,idle,confirming_order,,,,,order,confirm_order,confirm_order,0.2763671875,,,1040.667,9864.751,9864.45,0.301,68.31,0.006,680.859,1040.367,1040.667,972.004,40.829,8739.176,8177.79,8824.084,546.475,8440.0,384.084,192.042,12506.163,2641.713,1483.713,2641.412,391.01,0.143,66.95,0.009,0.006,0.056,,,21120,67520,8440.0,113,11,null,"{""tts_attempt"": 1, ""tts_progressive_chunks"": [""This is a pickup order."", ""Please review your order: Chicken Burger."", ""Your total is $12.68."", ""Should I place the order?""], ""tts_progressive_chunk_count"": 4}",False,,,,,False,False,,,,,,
17,a038c6c58a554bc2b1afa24c5d6346f1,CAf3545c5cc918dfe9161b8556b4211ff2,MZeb36550d383e27a14fb06759273a68ec,CAf3545c5cc918dfe9161b8556b4211ff2,2026-05-18T15:43:40.891435+00:00,2026-05-18T15:43:40.891435+00:00,2026-05-18T15:43:44.633941+00:00,2026-05-18T15:43:50.975525+00:00,Yeah.,Yeah.,yeah,"Your order is in! Would you like me to text you a payment link, or would you prefer to pay when you arrive?","Your order is in! Would you like me to text you a payment link, or would you prefer to pay when you arrive?",pickup_ask_sms_permission,confirming_order,waiting_for_pickup_sms_permission,,,,,conversation,affirm,confirm,1.0,,,3742.252,10083.868,10083.788,0.08,2842.761,0.006,624.555,3742.172,3742.252,899.392,38.154,6259.347,5856.776,6341.616,384.981,5920.0,421.616,210.808,13317.12,3233.332,768.146,3233.251,374.709,0.042,63.377,0.008,0.003,2779.021,,,26240,47360,5920.0,107,4,null,"{""tts_attempt"": 1, ""tts_progressive_chunks"": [""Your order is in!"", ""Would you like me to text you a payment link, or would you prefer to pay when you arrive?""], ""tts_progressive_chunk_count"": 2}",False,,,,,False,False,,,,,,
18,6f1a405f93b244b98f706c6e55dfb112,CAf3545c5cc918dfe9161b8556b4211ff2,MZeb36550d383e27a14fb06759273a68ec,CAf3545c5cc918dfe9161b8556b4211ff2,2026-05-18T15:43:55.620787+00:00,2026-05-18T15:43:55.620787+00:00,2026-05-18T15:43:57.202100+00:00,,Yeah.,Yeah.,yeah,Done! The payment link is on its way to your phone. See you soon!,Done! The payment link is on its way to your phone. See you soon!,pickup_sms_sent_end_call,waiting_for_pickup_sms_permission,completed,,,,,conversation,affirm,confirm,0.69775390625,,,1581.308,,,0.077,604.854,0.006,675.491,1581.231,1581.308,976.357,36.663,4599.784,4048.73,,,4040.0,,,,4630.692,1957.351,4630.615,,0.041,50.724,0.01,0.003,0.083,,,37120,32320,4040.0,65,4,"{""type"": ""SEND_SMS"", ""payload"": {""template"": ""payment_link"", ""phone_number"": ""+17036369451"", ""order_number"": ""0002095"", ""link"": ""https://paylink-cert.dcap.com/67cN6ZtoORZ-57"", ""summary_text"": ""1 Chicken Burger - Plain Bun, Swiss Cheese, Onion\nTotal: $12.68""}}","{""tts_attempt"": 1, ""tts_progressive_chunks"": [""Done!"", ""The payment link is on its way to your phone."", ""See you soon!""], ""tts_progressive_chunk_count"": 3}",False,,,,,False,False,,,,,,
