timestamp_utc,date_utc,session_id,turn_index,state_before,state_after,pending_action,current_prompt_field,current_item_id,current_item_name,user_text,normalized_text,pred_main_intent,pred_sub_intent,pred_intent,pred_intent_confidence,slot_model_ran,response_key,command_type,command_summary,outcome,notes
2026-03-10T15:52:04.787586+00:00,2026-03-10,cli-bafa6d76-8ef6-4076-b654-2ec0bb13da79,1,idle,waiting_for_side,add_item,side,e267fa3a-db86-4bf7-8124-c1523ddd6258,Chicken Taco,i want a chicken taco,i want a chicken taco,cart,add_item,add_item,0.9971,1,ask_for_side,,,observed,
2026-03-10T15:52:07.534546+00:00,2026-03-10,cli-bafa6d76-8ef6-4076-b654-2ec0bb13da79,2,waiting_for_side,cancellation_confirmation,add_item,side,e267fa3a-db86-4bf7-8124-c1523ddd6258,Chicken Taco,coke,coke,cart,add_item,add_item,1.0000,1,confirm_cancel_current_item_for_new_request,,,clarification,
2026-03-10T15:52:24.069704+00:00,2026-03-10,cli-bafa6d76-8ef6-4076-b654-2ec0bb13da79,3,cancellation_confirmation,cancellation_confirmation,add_item,side,e267fa3a-db86-4bf7-8124-c1523ddd6258,Chicken Taco,add coke,add coke,cart,add_item,add_item,0.9975,1,confirm_clear_cart,,,observed,
2026-03-10T15:52:26.363302+00:00,2026-03-10,cli-bafa6d76-8ef6-4076-b654-2ec0bb13da79,4,cancellation_confirmation,idle,add_item,side,e267fa3a-db86-4bf7-8124-c1523ddd6258,Chicken Taco,yes,yes,,add_item,confirm,1.0000,0,cart_cleared,CLEAR_CART,item_id=;quantity=;variant_id=;sides={};side_variants={};modifiers={},success_command_emitted,
2026-03-10T16:13:04.154134+00:00,2026-03-10,cli-4b60d61d-19cb-4ba0-b6dd-5b9f54ee6b65,1,idle,waiting_for_side,add_item,side,e267fa3a-db86-4bf7-8124-c1523ddd6258,Chicken Taco,i want a chiken taco,i want a chiken taco,cart,add_item,add_item,0.9974,1,ask_for_side,,,slots_detected_no_command,
2026-03-10T16:13:07.231431+00:00,2026-03-10,cli-4b60d61d-19cb-4ba0-b6dd-5b9f54ee6b65,2,waiting_for_side,cancellation_confirmation,add_item,side,e267fa3a-db86-4bf7-8124-c1523ddd6258,Chicken Taco,coke,coke,cart,add_item,add_item,1.0000,1,confirm_cancel_current_item_for_new_request,,,clarification,
2026-03-10T16:13:11.039754+00:00,2026-03-10,cli-4b60d61d-19cb-4ba0-b6dd-5b9f54ee6b65,3,cancellation_confirmation,idle,add_item,side,e267fa3a-db86-4bf7-8124-c1523ddd6258,Chicken Taco,yes,yes,confirmation,affirm,confirm,1.0000,0,cart_cleared,CLEAR_CART,item_id=;quantity=;variant_id=;sides={};side_variants={};modifiers={},success_command_emitted,
2026-03-10T16:13:18.769164+00:00,2026-03-10,cli-4b60d61d-19cb-4ba0-b6dd-5b9f54ee6b65,4,idle,idle,,,,,no,no,confirmation,deny,deny,0.9878,0,intent_not_allowed,,,failure,
2026-03-10T16:13:23.421228+00:00,2026-03-10,cli-4b60d61d-19cb-4ba0-b6dd-5b9f54ee6b65,5,idle,waiting_for_size,add_item,size,23f9fcab-6088-4906-930e-8e627fd46d9d,Coke,add one coke,add one coke,cart,add_item,add_item,0.9969,1,ask_for_size,,,slots_detected_no_command,
2026-03-10T16:13:25.814344+00:00,2026-03-10,cli-4b60d61d-19cb-4ba0-b6dd-5b9f54ee6b65,6,waiting_for_size,cancellation_confirmation,add_item,size,23f9fcab-6088-4906-930e-8e627fd46d9d,Coke,small,small,cart,modify_item,add_item,1.0000,0,confirm_cancel_current_item_for_new_request,,,clarification,
2026-03-10T16:16:46.217016+00:00,2026-03-10,cli-58658c67-3e9c-412f-b8a5-bf54c18621c0,1,idle,waiting_for_side,add_item,side,e267fa3a-db86-4bf7-8124-c1523ddd6258,Chicken Taco,i want a chicken taco,i want a chicken taco,cart,add_item,add_item,0.9971,1,ask_for_side,,,slots_detected_no_command,
2026-03-10T16:19:02.393258+00:00,2026-03-10,cli-58658c67-3e9c-412f-b8a5-bf54c18621c0,2,waiting_for_side,cancellation_confirmation,add_item,side,e267fa3a-db86-4bf7-8124-c1523ddd6258,Chicken Taco,coke,coke,cart,add_item,add_item,1.0000,1,confirm_cancel_current_item_for_new_request,,,clarification,
2026-03-10T16:44:25.333219+00:00,2026-03-10,cli-58658c67-3e9c-412f-b8a5-bf54c18621c0,3,cancellation_confirmation,cancellation_confirmation,add_item,side,e267fa3a-db86-4bf7-8124-c1523ddd6258,Chicken Taco,,,,,unknown,0.0000,0,confirm_clear_cart,,,observed,
2026-03-10T17:56:21.538045+00:00,2026-03-10,ui-1773165370704,1,idle,waiting_for_side,add_item,side,e267fa3a-db86-4bf7-8124-c1523ddd6258,Chicken Taco,i want a chicken taco,i want a chicken taco,cart,add_item,add_item,0.9971,1,ask_for_side,,,slots_detected_no_command,
2026-03-10T17:56:34.079218+00:00,2026-03-10,ui-1773165370704,2,waiting_for_side,waiting_for_modifier,add_item,modifier,e267fa3a-db86-4bf7-8124-c1523ddd6258,Chicken Taco,i'll take coke,ill take coke,cart,add_item,unknown,1.0000,1,ask_for_modifier,,,slots_detected_no_command,
2026-03-10T17:56:38.370231+00:00,2026-03-10,ui-1773165370704,3,waiting_for_modifier,waiting_for_modifier,add_item,modifier,e267fa3a-db86-4bf7-8124-c1523ddd6258,Chicken Taco,no,no,confirmation,deny,deny,0.9878,1,ask_for_modifier,,,observed,
2026-03-10T17:56:44.881432+00:00,2026-03-10,ui-1773165370704,4,waiting_for_modifier,waiting_for_modifier,add_item,modifier,e267fa3a-db86-4bf7-8124-c1523ddd6258,Chicken Taco,add cheese,add cheese,cart,add_item,unknown,1.0000,1,repeat_modifier_options,,,reprompt,
2026-03-10T17:56:54.261469+00:00,2026-03-10,ui-1773165370704,5,waiting_for_modifier,waiting_for_modifier,add_item,modifier,e267fa3a-db86-4bf7-8124-c1523ddd6258,Chicken Taco,add cheese,add cheese,cart,add_item,unknown,1.0000,1,repeat_modifier_options,,,reprompt,
2026-03-10T17:56:58.396237+00:00,2026-03-10,ui-1773165370704,6,waiting_for_modifier,idle,add_item,modifier,e267fa3a-db86-4bf7-8124-c1523ddd6258,Chicken Taco,jelly,jelly,cart,add_item,unknown,1.0000,1,item_added_successfully,ADD_ITEM_TO_CART,item_id=e267fa3a-db86-4bf7-8124-c1523ddd6258;quantity=1;variant_id=;sides={'d9dcbebe-7d66-4659-940c-3890678834b5': ['5e57e093-8aab-4e93-acec-5a696fadd73e']};side_variants={};modifiers={'1e0fad0b-4d65-4e2d-a8bf-ad9d20696705': ['fce50f96-e4ad-48ff-914a-cb944402a4f1']},success_command_emitted,
2026-03-10T17:57:06.943246+00:00,2026-03-10,ui-1773165370704,7,idle,idle,,,,,no,no,confirmation,deny,deny,0.9878,0,intent_not_allowed,,,failure,
2026-03-10T17:57:13.951750+00:00,2026-03-10,ui-1773165370704,8,idle,idle,,,,,that's all,thats all,order,finish_order,finish_order,0.9402,0,intent_not_allowed,,,failure,
2026-03-10T17:57:19.925023+00:00,2026-03-10,ui-1773165370704,9,idle,idle,,,,,i would like to pay,i would like to pay,payment,payment_request,payment_request,0.8253,0,intent_not_allowed,,,failure,
2026-03-10T18:40:42.118961+00:00,2026-03-10,ui-1773168032768,1,idle,error_recovery,add_item,,f915405d-7ae7-4ff7-95ab-9638684863cd,Chicken Burger,i want a chicken burger,i want a chicken burger,cart,add_item,add_item,0.9969,1,item_context_missing,,,failure,
2026-03-10T18:40:49.323518+00:00,2026-03-10,ui-1773168032768,2,error_recovery,error_recovery,add_item,,f915405d-7ae7-4ff7-95ab-9638684863cd,Chicken Burger,i want a chicken burger,i want a chicken burger,cart,add_item,add_item,0.9969,1,intent_not_allowed,,,failure,
2026-03-10T18:40:55.046929+00:00,2026-03-10,ui-1773168032768,3,error_recovery,error_recovery,add_item,,f915405d-7ae7-4ff7-95ab-9638684863cd,Chicken Burger,i want a chicken taco,i want a chicken taco,cart,add_item,add_item,0.9971,1,intent_not_allowed,,,failure,
2026-03-10T18:41:00.840754+00:00,2026-03-10,ui-1773168032768,4,error_recovery,error_recovery,add_item,,f915405d-7ae7-4ff7-95ab-9638684863cd,Chicken Burger,i want a coke,i want a coke,cart,add_item,add_item,0.9974,1,intent_not_allowed,,,failure,
2026-03-10T18:41:07.693287+00:00,2026-03-10,ui-1773168064169,1,idle,error_recovery,add_item,,23f9fcab-6088-4906-930e-8e627fd46d9d,Coke,i want a coke,i want a coke,cart,add_item,add_item,0.9974,1,item_context_missing,,,failure,
2026-03-11T11:45:14.961842+00:00,2026-03-11,ui-1773229504362,1,idle,waiting_for_side,add_item,side,e267fa3a-db86-4bf7-8124-c1523ddd6258,Chicken Taco,i want a chicken taco,i want a chicken taco,cart,add_item,add_item,0.9971,1,ask_for_side,,,slots_detected_no_command,
2026-03-11T11:45:18.207253+00:00,2026-03-11,ui-1773229504362,2,waiting_for_side,waiting_for_modifier,add_item,modifier,e267fa3a-db86-4bf7-8124-c1523ddd6258,Chicken Taco,coke,coke,cart,add_item,unknown,1.0000,1,ask_for_modifier,,,slots_detected_no_command,
2026-03-11T12:17:57.786181+00:00,2026-03-11,ui-1773231466982,1,idle,waiting_for_size,add_item,size,23f9fcab-6088-4906-930e-8e627fd46d9d,Coke,i want a coke,i want a coke,cart,add_item,add_item,0.9974,1,ask_for_size,,,slots_detected_no_command,
2026-03-11T12:18:04.574923+00:00,2026-03-11,ui-1773231466982,2,waiting_for_size,idle,add_item,size,23f9fcab-6088-4906-930e-8e627fd46d9d,Coke,i'll take small,ill take small,cart,add_item,unknown,1.0000,0,item_added_successfully,ADD_ITEM_TO_CART,item_id=23f9fcab-6088-4906-930e-8e627fd46d9d;quantity=1;variant_id=small;sides={};side_variants={};modifiers={},success_command_emitted,
2026-03-11T12:18:16.713003+00:00,2026-03-11,ui-1773231466982,3,idle,waiting_for_side,add_item,side,e267fa3a-db86-4bf7-8124-c1523ddd6258,Chicken Taco,i want a chicken taco,i want a chicken taco,cart,add_item,add_item,0.9971,1,ask_for_side,,,slots_detected_no_command,
2026-03-11T12:18:18.593499+00:00,2026-03-11,ui-1773231466982,4,waiting_for_side,waiting_for_modifier,add_item,modifier,e267fa3a-db86-4bf7-8124-c1523ddd6258,Chicken Taco,coke,coke,cart,add_item,unknown,1.0000,1,ask_for_modifier,,,slots_detected_no_command,
2026-03-11T12:18:20.861873+00:00,2026-03-11,ui-1773231466982,5,waiting_for_modifier,waiting_for_modifier,add_item,modifier,e267fa3a-db86-4bf7-8124-c1523ddd6258,Chicken Taco,no,no,confirmation,deny,deny,0.9878,1,ask_for_modifier,,,observed,
2026-03-11T12:18:23.767454+00:00,2026-03-11,ui-1773231466982,6,waiting_for_modifier,idle,add_item,modifier,e267fa3a-db86-4bf7-8124-c1523ddd6258,Chicken Taco,cheese,cheese,cart,add_item,unknown,1.0000,1,item_added_successfully,ADD_ITEM_TO_CART,item_id=e267fa3a-db86-4bf7-8124-c1523ddd6258;quantity=1;variant_id=;sides={'d9dcbebe-7d66-4659-940c-3890678834b5': ['5e57e093-8aab-4e93-acec-5a696fadd73e']};side_variants={};modifiers={'1e0fad0b-4d65-4e2d-a8bf-ad9d20696705': ['38352951-3cfc-4bed-aa59-bdef96e6edea']},success_command_emitted,
2026-03-11T12:18:27.408512+00:00,2026-03-11,ui-1773231466982,7,idle,idle,,,,,no,no,confirmation,deny,deny,0.9878,0,intent_not_allowed,,,failure,
2026-03-11T12:42:21.075382+00:00,2026-03-11,ui-1773232929118,1,idle,confirming_item,add_item,,,,i want a bacon shakon taco,i want a bacon shakon taco,cart,add_item,add_item,0.9974,1,confirm_item_ambiguous,,,clarification,
2026-03-11T13:07:06.150918+00:00,2026-03-11,ui-1773234415541,1,idle,confirming_item,add_item,,,,i want a bacon shakon taco,i want a bacon shakon taco,cart,add_item,add_item,0.9974,1,confirm_item_ambiguous,,,clarification,
2026-03-11T13:07:10.663763+00:00,2026-03-11,ui-1773234415541,2,confirming_item,cancellation_confirmation,add_item,,,,add chicken,add chicken,cart,add_item,add_item,0.9974,1,confirm_cancel_current_item_for_new_request,,,clarification,
2026-03-11T13:07:23.262787+00:00,2026-03-11,ui-1773234415541,3,cancellation_confirmation,cancellation_confirmation,add_item,,,,i said add a coke,i said add a coke,cart,add_item,add_item,0.9906,1,confirm_cancel_current_item_for_new_request,,,clarification,
2026-03-11T13:07:28.281425+00:00,2026-03-11,ui-1773234415541,4,cancellation_confirmation,idle,,,,,yes,yes,confirmation,affirm,confirm,1.0000,0,item_cancelled_successfully,,,observed,
2026-03-11T13:07:31.882779+00:00,2026-03-11,ui-1773234415541,5,idle,waiting_for_side,add_item,side,e267fa3a-db86-4bf7-8124-c1523ddd6258,Chicken Taco,add chicken taco,add chicken taco,cart,add_item,add_item,0.9975,1,ask_for_side,,,slots_detected_no_command,
2026-03-11T13:07:34.231364+00:00,2026-03-11,ui-1773234415541,6,waiting_for_side,waiting_for_modifier,add_item,modifier,e267fa3a-db86-4bf7-8124-c1523ddd6258,Chicken Taco,coke,coke,cart,add_item,unknown,1.0000,1,ask_for_modifier,,,slots_detected_no_command,
2026-03-11T13:07:40.802577+00:00,2026-03-11,ui-1773234415541,7,waiting_for_modifier,waiting_for_modifier,add_item,modifier,e267fa3a-db86-4bf7-8124-c1523ddd6258,Chicken Taco,none,none,confirmation,deny,deny,0.9229,1,ask_for_modifier,,,observed,
2026-03-11T13:07:43.216449+00:00,2026-03-11,ui-1773234415541,8,waiting_for_modifier,waiting_for_quantity,add_item,quantity,e267fa3a-db86-4bf7-8124-c1523ddd6258,Chicken Taco,no,no,confirmation,deny,deny,0.9878,1,ask_for_quantity,,,observed,
2026-03-11T13:07:44.915534+00:00,2026-03-11,ui-1773234415541,9,waiting_for_quantity,waiting_for_quantity,add_item,quantity,e267fa3a-db86-4bf7-8124-c1523ddd6258,Chicken Taco,2,2,cart,change_quantity,unknown,1.0000,0,repeat_quantity_prompt,,,slots_detected_no_command,
2026-03-11T13:07:46.739192+00:00,2026-03-11,ui-1773234415541,10,waiting_for_quantity,waiting_for_quantity,add_item,quantity,e267fa3a-db86-4bf7-8124-c1523ddd6258,Chicken Taco,3,3,cart,change_quantity,unknown,1.0000,0,repeat_quantity_prompt,,,slots_detected_no_command,
2026-03-11T13:43:54.980239+00:00,2026-03-11,ui-1773236622643,1,idle,confirming_item,add_item,,,,i want a chicken taxco,i want a chicken taxco,cart,add_item,add_item,0.9933,1,confirm_item_ambiguous,,,clarification,
2026-03-11T13:44:05.766815+00:00,2026-03-11,ui-1773236622643,2,confirming_item,confirming_item,add_item,,,Chicken Taco,i want a chicken taco,i want a chicken taco,cart,add_item,add_item,0.9971,1,confirm_item,,,slots_detected_no_command,
2026-03-11T13:44:16.122552+00:00,2026-03-11,ui-1773236622643,3,confirming_item,waiting_for_side,add_item,side,e267fa3a-db86-4bf7-8124-c1523ddd6258,Chicken Taco,yes,yes,confirmation,affirm,confirm,1.0000,0,ask_for_side,,,observed,
2026-03-11T13:44:18.267513+00:00,2026-03-11,ui-1773236622643,4,waiting_for_side,waiting_for_modifier,add_item,modifier,e267fa3a-db86-4bf7-8124-c1523ddd6258,Chicken Taco,coke,coke,cart,add_item,unknown,1.0000,1,ask_for_modifier,,,slots_detected_no_command,
2026-03-11T13:44:21.239884+00:00,2026-03-11,ui-1773236622643,5,waiting_for_modifier,waiting_for_modifier,add_item,modifier,e267fa3a-db86-4bf7-8124-c1523ddd6258,Chicken Taco,steak,steak,menu,add_item,unknown,1.0000,1,ask_for_modifier,,,slots_detected_no_command,
2026-03-11T13:44:23.118302+00:00,2026-03-11,ui-1773236622643,6,waiting_for_modifier,idle,add_item,modifier,e267fa3a-db86-4bf7-8124-c1523ddd6258,Chicken Taco,no,no,confirmation,deny,deny,0.9878,1,item_added_successfully,ADD_ITEM_TO_CART,item_id=e267fa3a-db86-4bf7-8124-c1523ddd6258;quantity=1;variant_id=;sides={'d9dcbebe-7d66-4659-940c-3890678834b5': ['5e57e093-8aab-4e93-acec-5a696fadd73e']};side_variants={};modifiers={'600e5a6e-96d5-4759-9ca4-d229b0f6b9c2': ['370bd5a8-90bd-4996-a0c3-4be007075de4']},success_command_emitted,
2026-03-11T13:44:27.164059+00:00,2026-03-11,ui-1773236622643,7,idle,idle,,,,,no,no,confirmation,deny,deny,0.9878,0,intent_not_allowed,,,failure,
2026-03-11T13:44:29.818895+00:00,2026-03-11,ui-1773236622643,8,idle,idle,,,,,no,no,confirmation,deny,deny,0.9878,0,intent_not_allowed,,,failure,
2026-03-11T13:44:31.482512+00:00,2026-03-11,ui-1773236622643,9,idle,idle,,,,,no,no,confirmation,deny,deny,0.9878,0,intent_not_allowed,,,failure,
2026-03-11T17:36:27.791551+00:00,2026-03-11,ui-1773250576679,1,idle,confirming_item,add_item,,,,i want to have aqchicken tacos,i want to have aqchicken tacos,cart,add_item,add_item,0.9939,1,confirm_item_ambiguous,,,clarification,
2026-03-11T17:36:39.605082+00:00,2026-03-11,ui-1773250576679,2,confirming_item,cancellation_confirmation,add_item,,,,add chicken taco,add chicken taco,cart,add_item,add_item,0.9975,1,confirm_cancel_current_item_for_new_request,,,clarification,
2026-03-11T17:36:58.962647+00:00,2026-03-11,ui-1773250576679,3,cancellation_confirmation,cancellation_confirmation,add_item,,,,no add chicken tacos,no add chicken tacos,cart,add_item,add_item,0.9484,1,confirm_cancel_current_item_for_new_request,,,clarification,
2026-03-11T17:52:26.759591+00:00,2026-03-11,ui-1773251534038,1,idle,idle,,,,,i want a chickesnc tacosc,i want a chickesnc tacosc,cart,add_item,add_item,0.9976,1,item_not_found,,,failure,
2026-03-11T17:52:36.727023+00:00,2026-03-11,ui-1773251534038,2,idle,idle,,,,,show platters,show platters,menu,browse_category,show_menu,0.9934,1,intent_not_allowed,,,failure,
2026-03-11T17:52:41.451360+00:00,2026-03-11,ui-1773251534038,3,idle,waiting_for_side,add_item,side,e267fa3a-db86-4bf7-8124-c1523ddd6258,Chicken Taco,add chicken taco,add chicken taco,cart,add_item,add_item,0.9975,1,ask_for_side,,,slots_detected_no_command,
2026-03-11T17:52:43.958416+00:00,2026-03-11,ui-1773251534038,4,waiting_for_side,waiting_for_modifier,add_item,modifier,e267fa3a-db86-4bf7-8124-c1523ddd6258,Chicken Taco,coke,coke,cart,add_item,unknown,1.0000,1,ask_for_modifier,,,slots_detected_no_command,
2026-03-11T17:52:51.487583+00:00,2026-03-11,ui-1773251534038,5,waiting_for_modifier,waiting_for_modifier,add_item,modifier,e267fa3a-db86-4bf7-8124-c1523ddd6258,Chicken Taco,i'll taje sausage link,ill taje sausage link,cart,add_item,unknown,1.0000,1,ask_for_modifier,,,slots_detected_no_command,
2026-03-11T17:52:53.552720+00:00,2026-03-11,ui-1773251534038,6,waiting_for_modifier,waiting_for_quantity,add_item,quantity,e267fa3a-db86-4bf7-8124-c1523ddd6258,Chicken Taco,no,no,confirmation,deny,deny,0.9878,1,ask_for_quantity,,,observed,
2026-03-11T17:52:55.204277+00:00,2026-03-11,ui-1773251534038,7,waiting_for_quantity,idle,add_item,quantity,e267fa3a-db86-4bf7-8124-c1523ddd6258,Chicken Taco,2,2,cart,change_quantity,unknown,1.0000,0,item_added_successfully,ADD_ITEM_TO_CART,"item_id=e267fa3a-db86-4bf7-8124-c1523ddd6258;quantity=2;variant_id=;sides={'d9dcbebe-7d66-4659-940c-3890678834b5': ['5e57e093-8aab-4e93-acec-5a696fadd73e']};side_variants={};modifiers={'600e5a6e-96d5-4759-9ca4-d229b0f6b9c2': ['917d4025-7326-4fc7-b801-a6d76f14e0a9', '44b1d695-76ec-454e-b8d3-c01d5f1dcf92']}",success_command_emitted,
2026-03-11T17:53:13.205680+00:00,2026-03-11,ui-1773251534038,8,idle,confirming_item,add_item,,,,add aqchicken tacos,add aqchicken tacos,cart,add_item,add_item,0.9980,1,confirm_item_ambiguous,,,clarification,
2026-03-11T17:54:27.254264+00:00,2026-03-11,ui-1773251659663,1,idle,confirming_item,add_item,,,,add aqchicken tacos,add aqchicken tacos,cart,add_item,add_item,0.9980,1,confirm_item_ambiguous,,,clarification,
2026-03-11T17:55:11.478152+00:00,2026-03-11,ui-1773251659663,2,confirming_item,confirming_item,add_item,,,Beef Tacos,add beef tacos,add beef tacos,cart,add_item,add_item,0.9978,1,confirm_item,,,slots_detected_no_command,
2026-03-11T17:55:14.714570+00:00,2026-03-11,ui-1773251659663,3,confirming_item,waiting_for_quantity,add_item,quantity,0f75d6f9-1b9f-4f94-be86-09a04dab5f27,Beef Tacos,yes,yes,confirmation,affirm,confirm,1.0000,0,ask_for_quantity,,,observed,
2026-03-11T17:55:16.501933+00:00,2026-03-11,ui-1773251659663,4,waiting_for_quantity,idle,add_item,quantity,0f75d6f9-1b9f-4f94-be86-09a04dab5f27,Beef Tacos,2,2,cart,change_quantity,unknown,1.0000,0,item_added_successfully,ADD_ITEM_TO_CART,item_id=0f75d6f9-1b9f-4f94-be86-09a04dab5f27;quantity=2;variant_id=;sides={};side_variants={};modifiers={},success_command_emitted,
2026-03-11T17:55:22.978359+00:00,2026-03-11,ui-1773251659663,5,idle,confirming_item,add_item,,,,i want a beef taco,i want a beef taco,cart,add_item,add_item,0.9971,1,confirm_item_ambiguous,,,clarification,
2026-03-11T17:55:30.724636+00:00,2026-03-11,ui-1773251659663,6,confirming_item,confirming_item,add_item,,,Beef Tacos,add beef tacos,add beef tacos,cart,add_item,add_item,0.9978,1,confirm_item,,,slots_detected_no_command,
2026-03-11T17:55:32.892706+00:00,2026-03-11,ui-1773251659663,7,confirming_item,idle,add_item,,0f75d6f9-1b9f-4f94-be86-09a04dab5f27,Beef Tacos,yes,yes,confirmation,affirm,confirm,1.0000,0,item_added_successfully,ADD_ITEM_TO_CART,item_id=0f75d6f9-1b9f-4f94-be86-09a04dab5f27;quantity=1;variant_id=;sides={};side_variants={};modifiers={},success_command_emitted,
2026-03-11T17:55:39.079857+00:00,2026-03-11,ui-1773251659663,8,idle,waiting_for_side,add_item,side,e267fa3a-db86-4bf7-8124-c1523ddd6258,Chicken Taco,add chicken taco,add chicken taco,cart,add_item,add_item,0.9975,1,ask_for_side,,,slots_detected_no_command,
2026-03-11T17:55:42.742487+00:00,2026-03-11,ui-1773251659663,9,waiting_for_side,waiting_for_modifier,add_item,modifier,e267fa3a-db86-4bf7-8124-c1523ddd6258,Chicken Taco,coke,coke,cart,add_item,unknown,1.0000,1,ask_for_modifier,,,slots_detected_no_command,
2026-03-11T17:55:48.216252+00:00,2026-03-11,ui-1773251659663,10,waiting_for_modifier,waiting_for_modifier,add_item,modifier,e267fa3a-db86-4bf7-8124-c1523ddd6258,Chicken Taco,steak,steak,menu,add_item,unknown,1.0000,1,ask_for_modifier,,,slots_detected_no_command,
2026-03-11T17:55:51.623510+00:00,2026-03-11,ui-1773251659663,11,waiting_for_modifier,waiting_for_quantity,add_item,quantity,e267fa3a-db86-4bf7-8124-c1523ddd6258,Chicken Taco,cheese,cheese,cart,add_item,unknown,1.0000,1,ask_for_quantity,,,slots_detected_no_command,
2026-03-11T17:55:54.308152+00:00,2026-03-11,ui-1773251659663,12,waiting_for_quantity,idle,add_item,quantity,e267fa3a-db86-4bf7-8124-c1523ddd6258,Chicken Taco,four,four,cart,change_quantity,unknown,1.0000,0,item_added_successfully,ADD_ITEM_TO_CART,"item_id=e267fa3a-db86-4bf7-8124-c1523ddd6258;quantity=4;variant_id=;sides={'d9dcbebe-7d66-4659-940c-3890678834b5': ['5e57e093-8aab-4e93-acec-5a696fadd73e']};side_variants={};modifiers={'600e5a6e-96d5-4759-9ca4-d229b0f6b9c2': ['370bd5a8-90bd-4996-a0c3-4be007075de4'], '1e0fad0b-4d65-4e2d-a8bf-ad9d20696705': ['38352951-3cfc-4bed-aa59-bdef96e6edea']}",success_command_emitted,
2026-03-11T17:55:57.506156+00:00,2026-03-11,ui-1773251659663,13,idle,idle,,,,,no,no,confirmation,deny,deny,0.9878,0,idle_nothing_to_checkout,,,observed,
2026-03-12T12:18:27.012080+00:00,2026-03-12,ui-1773317897762,1,idle,idle,,,,,i want pizzas,i want pizzas,cart,add_item,add_item,0.9354,1,item_not_found,,,failure,
2026-03-12T12:18:36.259202+00:00,2026-03-12,ui-1773317897762,2,idle,idle,,,,,show me platters,show me platters,menu,browse_category,browse_category,0.9946,1,show_category,,,slots_detected_no_command,
2026-03-12T12:18:48.708259+00:00,2026-03-12,ui-1773317897762,3,idle,idle,,,,,shoe me drinks,shoe me drinks,menu,browse_category,browse_category,0.8744,1,show_category,,,slots_detected_no_command,
2026-03-12T12:19:00.054448+00:00,2026-03-12,ui-1773317897762,4,idle,idle,,,,,you got drinks,you got drinks,menu,availability_query,availability_query,0.9965,1,menu_not_found,,,slots_detected_no_command,
2026-03-12T12:28:31.836857+00:00,2026-03-12,ui-1773317897762,5,idle,confirming_item,add_item,,,,i want pizza,i want pizza,cart,add_item,add_item,0.9960,1,confirm_item_ambiguous,,,clarification,
2026-03-12T12:28:45.749945+00:00,2026-03-12,ui-1773317897762,6,confirming_item,confirming_item,add_item,,,,i want platter,i want platter,cart,add_item,add_item,0.9969,1,confirm_item_ambiguous,,,clarification,
2026-03-12T12:40:35.714167+00:00,2026-03-12,ui-1773319226450,1,idle,idle,,,,,you got pizza,you got pizza,menu,availability_query,availability_query,0.9966,1,show_category,,,slots_detected_no_command,
2026-03-12T12:41:04.959953+00:00,2026-03-12,ui-1773319226450,2,idle,confirming_item,add_item,,,,I'll take go with Hawaaiian Pizza,ill take go with hawaaiian pizza,cart,add_item,add_item,0.9955,1,confirm_item_ambiguous,,,clarification,
2026-03-12T12:41:15.556492+00:00,2026-03-12,ui-1773319226450,3,confirming_item,confirming_item,add_item,,,Hawaiian Pizza,Hawaiian Pizza,hawaiian pizza,cart,add_item,add_item,0.9622,1,confirm_item,,,slots_detected_no_command,
2026-03-12T12:41:18.354832+00:00,2026-03-12,ui-1773319226450,4,confirming_item,waiting_for_modifier,add_item,modifier,e549d096-176c-402b-8d0d-9cf424dbaa4e,Hawaiian Pizza,yes,yes,confirmation,affirm,confirm,1.0000,0,ask_for_modifier,,,observed,
2026-03-12T12:41:23.165715+00:00,2026-03-12,ui-1773319226450,5,waiting_for_modifier,waiting_for_modifier,add_item,modifier,e549d096-176c-402b-8d0d-9cf424dbaa4e,Hawaiian Pizza,add pepper,add pepper,cart,add_item,unknown,1.0000,1,ask_for_modifier,,,slots_detected_no_command,
2026-03-12T12:41:26.572377+00:00,2026-03-12,ui-1773319226450,6,waiting_for_modifier,waiting_for_modifier,add_item,modifier,e549d096-176c-402b-8d0d-9cf424dbaa4e,Hawaiian Pizza,no,no,confirmation,deny,deny,0.9878,1,ask_for_modifier,,,observed,
2026-03-12T12:41:32.631553+00:00,2026-03-12,ui-1773319226450,7,waiting_for_modifier,waiting_for_size,add_item,size,e549d096-176c-402b-8d0d-9cf424dbaa4e,Hawaiian Pizza,spicy tomato,spicy tomato,cart,add_item,unknown,1.0000,1,ask_for_size,,,slots_detected_no_command,
2026-03-12T12:41:35.843332+00:00,2026-03-12,ui-1773319226450,8,waiting_for_size,waiting_for_quantity,add_item,quantity,e549d096-176c-402b-8d0d-9cf424dbaa4e,Hawaiian Pizza,small,small,cart,modify_item,unknown,1.0000,0,ask_for_quantity,,,slots_detected_no_command,
2026-03-12T12:41:37.844763+00:00,2026-03-12,ui-1773319226450,9,waiting_for_quantity,idle,add_item,quantity,e549d096-176c-402b-8d0d-9cf424dbaa4e,Hawaiian Pizza,2,2,cart,change_quantity,unknown,1.0000,0,item_added_successfully,ADD_ITEM_TO_CART,"item_id=e549d096-176c-402b-8d0d-9cf424dbaa4e;quantity=2;variant_id=small;sides={};side_variants={};modifiers={'79de45c1-e0c7-4392-91c5-a0a587ed6361': ['36d51f5e-02d7-4685-bd22-4b9c8396975b', '15be8476-75e4-4a21-8974-992b25ea74af'], 'f2253502-1973-4346-ba26-613db082038b': ['7ef672eb-f04f-48a0-9ebb-5558a453099b']}",success_command_emitted,
2026-03-12T12:41:41.088604+00:00,2026-03-12,ui-1773319226450,10,idle,waiting_for_size,add_item,size,23f9fcab-6088-4906-930e-8e627fd46d9d,Coke,add one coke,add one coke,cart,add_item,add_item,0.9969,1,ask_for_size,,,slots_detected_no_command,
2026-03-12T12:41:43.484248+00:00,2026-03-12,ui-1773319226450,11,waiting_for_size,idle,add_item,size,23f9fcab-6088-4906-930e-8e627fd46d9d,Coke,small,small,cart,modify_item,unknown,1.0000,0,item_added_successfully,ADD_ITEM_TO_CART,item_id=23f9fcab-6088-4906-930e-8e627fd46d9d;quantity=1;variant_id=small;sides={};side_variants={};modifiers={},success_command_emitted,
2026-03-12T12:41:51.172295+00:00,2026-03-12,ui-1773319226450,12,idle,waiting_for_size,add_item,size,23f9fcab-6088-4906-930e-8e627fd46d9d,Coke,add one large coke,add one large coke,cart,add_item,add_item,0.9938,1,ask_for_size,,,slots_detected_no_command,
2026-03-12T12:41:53.550468+00:00,2026-03-12,ui-1773319226450,13,waiting_for_size,idle,add_item,size,23f9fcab-6088-4906-930e-8e627fd46d9d,Coke,large,large,cart,modify_item,unknown,1.0000,0,item_added_successfully,ADD_ITEM_TO_CART,item_id=23f9fcab-6088-4906-930e-8e627fd46d9d;quantity=1;variant_id=large;sides={};side_variants={};modifiers={},success_command_emitted,
2026-03-12T12:44:09.422907+00:00,2026-03-12,ui-1773319226450,14,idle,idle,,,,,you got platters,you got platters,menu,availability_query,availability_query,0.9931,1,show_category,,,slots_detected_no_command,
2026-03-12T12:44:32.068847+00:00,2026-03-12,ui-1773319226450,15,idle,confirming_item,add_item,,,,i will take snow crab,i will take snow crab,cart,add_item,add_item,0.9903,1,confirm_item_ambiguous,,,clarification,
2026-03-12T12:44:38.791075+00:00,2026-03-12,ui-1773319226450,16,confirming_item,confirming_item,add_item,,,#3. Snow Crab leg Platter,snow crab leg platter,snow crab leg platter,cart,add_item,add_item,0.9700,1,confirm_item,,,slots_detected_no_command,
2026-03-12T12:44:42.164013+00:00,2026-03-12,ui-1773319226450,17,confirming_item,waiting_for_quantity,add_item,quantity,1a39ec12-ebae-4c52-8b46-f451b3452a01,#3. Snow Crab leg Platter,yeah,yeah,confirmation,affirm,confirm,1.0000,0,ask_for_quantity,,,observed,
2026-03-12T12:44:44.025088+00:00,2026-03-12,ui-1773319226450,18,waiting_for_quantity,idle,add_item,quantity,1a39ec12-ebae-4c52-8b46-f451b3452a01,#3. Snow Crab leg Platter,2,2,cart,change_quantity,unknown,1.0000,0,item_added_successfully,ADD_ITEM_TO_CART,item_id=1a39ec12-ebae-4c52-8b46-f451b3452a01;quantity=2;variant_id=;sides={};side_variants={};modifiers={},success_command_emitted,
2026-03-12T12:44:55.632071+00:00,2026-03-12,ui-1773319226450,19,idle,confirming_order,,,,,that's all,thats all,order,finish_order,finish_order,0.9402,0,confirm_order_summary,,,observed,
2026-03-12T12:44:58.573920+00:00,2026-03-12,ui-1773319226450,20,confirming_order,waiting_for_payment,,,,,yes,yes,confirmation,affirm,confirm,1.0000,0,payment_link_sent,,,success,
2026-03-12T12:45:05.019131+00:00,2026-03-12,ui-1773319226450,21,waiting_for_payment,waiting_for_payment,,,,,i've done,ive done,order,finish_order,finish_order,0.6446,0,waiting_for_payment,,,observed,
2026-03-12T12:45:08.460431+00:00,2026-03-12,ui-1773319226450,22,waiting_for_payment,idle,,,,,i've paid,ive paid,payment,payment_done,payment_done,0.9905,0,order_completed,CLEAR_CART,item_id=;quantity=;variant_id=;sides={};side_variants={};modifiers={},success_command_emitted,
2026-03-12T12:46:14.845266+00:00,2026-03-12,ui-1773319226450,23,idle,idle,,,,,how much is small coke,how much is small coke,menu,ask_price,ask_price,0.9969,1,price_not_found,,,slots_detected_no_command,
2026-03-12T12:46:20.534358+00:00,2026-03-12,ui-1773319226450,24,idle,idle,,,,,how much is coke,how much is coke,menu,ask_price,ask_price,0.9969,1,price_not_found,,,slots_detected_no_command,
2026-03-12T13:48:39.872294+00:00,2026-03-12,ui-1773323311523,1,idle,idle,,,,,how much is small coke,how much is small coke,menu,ask_price,ask_price,0.9969,1,show_item_price,,,slots_detected_no_command,
2026-03-12T13:49:05.532975+00:00,2026-03-12,ui-1773323311523,1,idle,waiting_for_size,add_item,size,23f9fcab-6088-4906-930e-8e627fd46d9d,Coke,i want a coke,i want a coke,cart,add_item,add_item,0.9974,1,ask_for_size,,,slots_detected_no_command,
2026-03-12T13:54:53.917616+00:00,2026-03-12,ui-1773323685222,1,idle,idle,,,,,how much is small coke,how much is small coke,menu,ask_price,ask_price,0.9969,1,show_item_price,,,slots_detected_no_command,
2026-03-12T13:55:04.286502+00:00,2026-03-12,ui-1773323685222,2,idle,idle,,,,,how much is large,how much is large,menu,ask_price,ask_price,0.9971,1,price_not_found,,,observed,
2026-03-12T13:55:09.837499+00:00,2026-03-12,ui-1773323685222,3,idle,idle,,,,,how much is large coke,how much is large coke,menu,ask_price,ask_price,0.9969,1,show_item_price,,,slots_detected_no_command,
2026-03-12T13:55:14.589599+00:00,2026-03-12,ui-1773323685222,4,idle,waiting_for_size,add_item,size,23f9fcab-6088-4906-930e-8e627fd46d9d,Coke,and medium coke ?.,and medium coke,cart,add_item,add_item,0.9976,1,ask_for_size,,,slots_detected_no_command,
2026-03-12T13:55:25.231564+00:00,2026-03-12,ui-1773323685222,5,waiting_for_size,waiting_for_quantity,add_item,quantity,23f9fcab-6088-4906-930e-8e627fd46d9d,Coke,how much is medium coke,how much is medium coke,menu,ask_price,unknown,1.0000,0,ask_for_quantity,,,slots_detected_no_command,
2026-03-12T13:55:27.824136+00:00,2026-03-12,ui-1773323685222,6,waiting_for_quantity,idle,add_item,quantity,23f9fcab-6088-4906-930e-8e627fd46d9d,Coke,2,2,cart,change_quantity,unknown,1.0000,0,item_added_successfully,ADD_ITEM_TO_CART,item_id=23f9fcab-6088-4906-930e-8e627fd46d9d;quantity=2;variant_id=medium;sides={};side_variants={};modifiers={},success_command_emitted,
2026-03-12T13:55:34.311385+00:00,2026-03-12,ui-1773323685222,7,idle,idle,,,,,how much is medium coke,how much is medium coke,menu,ask_price,ask_price,0.9969,1,show_item_price,,,slots_detected_no_command,
2026-03-12T13:55:40.074205+00:00,2026-03-12,ui-1773323685222,8,idle,waiting_for_size,add_item,size,23f9fcab-6088-4906-930e-8e627fd46d9d,Coke,and large coke,and large coke,cart,add_item,add_item,0.9969,1,ask_for_size,,,slots_detected_no_command,
2026-03-12T13:55:45.356152+00:00,2026-03-12,ui-1773323685222,9,waiting_for_size,waiting_for_quantity,add_item,quantity,23f9fcab-6088-4906-930e-8e627fd46d9d,Coke,add large coke,add large coke,cart,add_item,unknown,1.0000,0,ask_for_quantity,,,slots_detected_no_command,
2026-03-12T13:55:48.260640+00:00,2026-03-12,ui-1773323685222,10,waiting_for_quantity,idle,add_item,quantity,23f9fcab-6088-4906-930e-8e627fd46d9d,Coke,2,2,cart,change_quantity,unknown,1.0000,0,item_added_successfully,ADD_ITEM_TO_CART,item_id=23f9fcab-6088-4906-930e-8e627fd46d9d;quantity=2;variant_id=large;sides={};side_variants={};modifiers={},success_command_emitted,
2026-03-16T12:13:49.053527+00:00,2026-03-16,cli-7a5f3e62-b2d0-4e04-87e9-df523468a9d5,1,idle,confirming_item,,,,,i want a cicken taco,i want a cicken taco,cart,add_item,add_item,0.9976,1,confirm_item_ambiguous,,,clarification,
2026-03-16T18:12:49.863973+00:00,2026-03-16,ui-1773684759438,1,idle,waiting_for_side,,,,,i want a chicken taco,i want a chicken taco,cart,add_item,add_item,0.9971,1,ask_for_side,,,slots_detected_no_command,
2026-03-16T18:13:04.231929+00:00,2026-03-16,ui-1773684759438,2,waiting_for_side,waiting_for_modifier,add_item,side,e267fa3a-db86-4bf7-8124-c1523ddd6258,Chicken Taco,i'll take coke,ill take coke,cart,add_item,unknown,1.0000,1,ask_for_modifier,,,slots_detected_no_command,
2026-03-16T18:13:08.652367+00:00,2026-03-16,ui-1773684759438,3,waiting_for_modifier,waiting_for_modifier,add_item,modifier,e267fa3a-db86-4bf7-8124-c1523ddd6258,Chicken Taco,no,no,confirmation,deny,deny,0.9878,1,ask_for_modifier,,,observed,
2026-03-16T18:23:11.610445+00:00,2026-03-16,ui-1773685382977,1,idle,waiting_for_side,,,,,i want a chicken taco,i want a chicken taco,cart,add_item,add_item,0.9971,1,ask_for_side,,,slots_detected_no_command,
2026-03-16T18:28:52.173998+00:00,2026-03-16,CA8d0acaf0e99db41d8a778b3723d35159,1,idle,waiting_for_side,,,,,I would like to order a chicken taco.,i would like to order a chicken taco,cart,add_item,add_item,0.9967,1,ask_for_side,,,slots_detected_no_command,
2026-03-16T18:29:05.899864+00:00,2026-03-16,CA8d0acaf0e99db41d8a778b3723d35159,2,waiting_for_side,waiting_for_modifier,add_item,side,e267fa3a-db86-4bf7-8124-c1523ddd6258,Chicken Taco,I will take Coke.,i will take coke,cart,add_item,unknown,1.0000,1,ask_for_modifier,,,slots_detected_no_command,
2026-03-16T18:29:20.157002+00:00,2026-03-16,CA8d0acaf0e99db41d8a778b3723d35159,3,waiting_for_modifier,waiting_for_modifier,add_item,modifier,e267fa3a-db86-4bf7-8124-c1523ddd6258,Chicken Taco,I will take tax.,i will take tax,payment,payment_methods_query,unknown,1.0000,1,repeat_modifier_options,,,reprompt,
2026-03-16T18:29:37.535095+00:00,2026-03-16,CA8d0acaf0e99db41d8a778b3723d35159,4,waiting_for_modifier,waiting_for_modifier,add_item,modifier,e267fa3a-db86-4bf7-8124-c1523ddd6258,Chicken Taco,I will take tax.,i will take tax,payment,payment_methods_query,unknown,1.0000,1,repeat_modifier_options,,,reprompt,
2026-03-16T18:29:55.396086+00:00,2026-03-16,CA8d0acaf0e99db41d8a778b3723d35159,5,waiting_for_modifier,waiting_for_modifier,add_item,modifier,e267fa3a-db86-4bf7-8124-c1523ddd6258,Chicken Taco,I will text you can,i will text you can,payment,payment_request,payment_request,0.3289,1,repeat_modifier_options,,,reprompt,
2026-03-16T18:30:12.424333+00:00,2026-03-16,CA8d0acaf0e99db41d8a778b3723d35159,6,waiting_for_modifier,waiting_for_modifier,add_item,modifier,e267fa3a-db86-4bf7-8124-c1523ddd6258,Chicken Taco,I will take chicken.,i will take chicken,cart,add_item,unknown,1.0000,1,ask_for_modifier,,,slots_detected_no_command,
2026-03-16T18:30:24.151466+00:00,2026-03-16,CA8d0acaf0e99db41d8a778b3723d35159,7,waiting_for_modifier,idle,add_item,modifier,e267fa3a-db86-4bf7-8124-c1523ddd6258,Chicken Taco,Add jelly.,add jelly,cart,add_item,unknown,1.0000,1,item_added_successfully,ADD_ITEM_TO_CART,"item_id=e267fa3a-db86-4bf7-8124-c1523ddd6258;quantity=1;variant_id=;sides={'d9dcbebe-7d66-4659-940c-3890678834b5': ['5e57e093-8aab-4e93-acec-5a696fadd73e']};side_variants={};modifiers={'600e5a6e-96d5-4759-9ca4-d229b0f6b9c2': ['58d39f8d-ac18-4998-808a-12302f5e4884'], '1e0fad0b-4d65-4e2d-a8bf-ad9d20696705': ['fce50f96-e4ad-48ff-914a-cb944402a4f1']}",success_command_emitted,
2026-03-16T18:30:35.575432+00:00,2026-03-16,CA8d0acaf0e99db41d8a778b3723d35159,8,idle,confirming_order,,,,,Check out.,check out,order,checkout,checkout,0.9538,0,confirm_order_summary,,,observed,
2026-03-16T18:30:50.951252+00:00,2026-03-16,CA8d0acaf0e99db41d8a778b3723d35159,9,confirming_order,waiting_for_payment,,,,,Yeah.,yeah,confirmation,affirm,confirm,1.0000,0,payment_link_sent,,,success,
2026-03-16T18:31:03.527180+00:00,2026-03-16,CA8d0acaf0e99db41d8a778b3723d35159,10,waiting_for_payment,idle,,,,,It's done.,its done,order,payment_done,payment_done,0.6945,0,order_completed,CLEAR_CART,item_id=;quantity=;variant_id=;sides={};side_variants={};modifiers={},success_command_emitted,
2026-03-17T13:12:34.513217+00:00,2026-03-17,ui-1773753149336,1,idle,waiting_for_side,,,,,i want a chicken taco,i want a chicken taco,cart,add_item,add_item,0.9971,1,ask_for_side,,,slots_detected_no_command,
2026-03-17T13:12:41.037409+00:00,2026-03-17,ui-1773753149336,2,waiting_for_side,waiting_for_modifier,add_item,side,e267fa3a-db86-4bf7-8124-c1523ddd6258,Chicken Taco,i'll take coke,ill take coke,cart,add_item,unknown,1.0000,1,ask_for_modifier,,,slots_detected_no_command,
2026-03-17T13:12:45.181900+00:00,2026-03-17,ui-1773753149336,3,waiting_for_modifier,waiting_for_modifier,add_item,modifier,e267fa3a-db86-4bf7-8124-c1523ddd6258,Chicken Taco,steak,steak,menu,add_item,unknown,1.0000,1,ask_for_modifier,,,slots_detected_no_command,
2026-03-17T14:34:38.422809+00:00,2026-03-17,CA47852bdec574eb255c5be91d72634676,1,idle,waiting_for_side,,,,,I will take a chicken taco.,i will take a chicken taco,cart,add_item,add_item,0.9971,1,ask_for_side,,,slots_detected_no_command,
2026-03-17T14:34:52.248715+00:00,2026-03-17,CA47852bdec574eb255c5be91d72634676,2,waiting_for_side,waiting_for_modifier,add_item,side,e267fa3a-db86-4bf7-8124-c1523ddd6258,Chicken Taco,I'll take Coke.,ill take coke,cart,add_item,unknown,1.0000,1,ask_for_modifier,,,slots_detected_no_command,
2026-03-17T14:35:06.400887+00:00,2026-03-17,CA47852bdec574eb255c5be91d72634676,3,waiting_for_modifier,waiting_for_modifier,add_item,modifier,e267fa3a-db86-4bf7-8124-c1523ddd6258,Chicken Taco,", sausage.",sausage,cart,add_item,unknown,1.0000,1,ask_for_modifier,,,slots_detected_no_command,
2026-03-17T14:58:30.551112+00:00,2026-03-17,ui-1773759508207,1,idle,idle,,,,,you got pizza,you got pizza,menu,availability_query,availability_query,0.9966,1,intent_not_allowed,,,failure,
2026-03-17T14:58:37.469560+00:00,2026-03-17,ui-1773759508207,2,idle,confirming_item,,,,,i want pizza,i want pizza,cart,add_item,add_item,0.9961,1,confirm_item_from_category,,,clarification,
2026-03-17T14:58:50.810315+00:00,2026-03-17,ui-1773759508207,3,confirming_item,confirming_item,add_item,,,,all meat pizza,all meat pizza,menu,add_item,add_item,0.4741,1,confirm_item,,,slots_detected_no_command,
2026-03-17T14:58:55.099894+00:00,2026-03-17,ui-1773759508207,4,confirming_item,waiting_for_modifier,add_item,,,All Meat Pizza,yes,yes,confirmation,affirm,confirm,1.0000,0,ask_for_modifier,,,observed,
2026-03-17T14:59:00.505044+00:00,2026-03-17,ui-1773759508207,5,waiting_for_modifier,waiting_for_modifier,add_item,modifier,c373693e-d505-4026-b61b-6def39b70e3f,All Meat Pizza,smoke ha,smoke ha,cart,add_item,unknown,1.0000,1,repeat_modifier_options,,,reprompt,
2026-03-17T14:59:04.555494+00:00,2026-03-17,ui-1773759508207,6,waiting_for_modifier,waiting_for_modifier,add_item,modifier,c373693e-d505-4026-b61b-6def39b70e3f,All Meat Pizza,smoked ham,smoked ham,cart,add_item,unknown,1.0000,1,ask_for_modifier,,,slots_detected_no_command,
2026-03-17T14:59:11.725692+00:00,2026-03-17,ui-1773759508207,7,waiting_for_modifier,waiting_for_modifier,add_item,modifier,c373693e-d505-4026-b61b-6def39b70e3f,All Meat Pizza,pineapple,pineapple,cart,add_item,unknown,1.0000,1,ask_for_modifier,,,slots_detected_no_command,
2026-03-17T14:59:19.202379+00:00,2026-03-17,ui-1773759508207,8,waiting_for_modifier,waiting_for_modifier,add_item,modifier,c373693e-d505-4026-b61b-6def39b70e3f,All Meat Pizza,tomato,tomato,cart,add_item,unknown,1.0000,1,too_many_modifier_choices,,,slots_detected_no_command,
2026-03-17T14:59:29.467570+00:00,2026-03-17,ui-1773759508207,9,waiting_for_modifier,waiting_for_modifier,add_item,modifier,c373693e-d505-4026-b61b-6def39b70e3f,All Meat Pizza,tomato sauce,tomato sauce,cart,add_item,unknown,1.0000,1,too_many_modifier_choices,,,slots_detected_no_command,
2026-03-17T14:59:35.703243+00:00,2026-03-17,ui-1773759508207,10,waiting_for_modifier,waiting_for_modifier,add_item,modifier,c373693e-d505-4026-b61b-6def39b70e3f,All Meat Pizza,regular tomato sauce,regular tomato sauce,cart,add_item,unknown,1.0000,1,too_many_modifier_choices,,,slots_detected_no_command,
2026-03-17T15:00:53.321879+00:00,2026-03-17,ui-1773759641477,1,idle,waiting_for_side,,,,,i want a chicken taco,i want a chicken taco,cart,add_item,add_item,0.9971,1,ask_for_side,,,slots_detected_no_command,
2026-03-17T15:01:02.951902+00:00,2026-03-17,ui-1773759641477,2,waiting_for_side,waiting_for_modifier,add_item,side,e267fa3a-db86-4bf7-8124-c1523ddd6258,Chicken Taco,coke,coke,cart,add_item,unknown,1.0000,1,ask_for_modifier,,,slots_detected_no_command,
2026-03-17T15:26:25.894170+00:00,2026-03-17,CA9fc12a0e3e33813ab17defbd6c236822,1,idle,idle,,,,,I would like to address. You can take her.,i would like to address you can take her,payment,payment_methods_query,payment_methods_query,0.3040,0,intent_not_allowed,,,failure,
2026-03-17T15:26:36.102802+00:00,2026-03-17,CA9fc12a0e3e33813ab17defbd6c236822,2,idle,waiting_for_side,,,,,I want a chicken taco.,i want a chicken taco,cart,add_item,add_item,0.9971,1,ask_for_side,,,slots_detected_no_command,
2026-03-17T15:26:52.972879+00:00,2026-03-17,CA9fc12a0e3e33813ab17defbd6c236822,3,waiting_for_side,waiting_for_modifier,add_item,side,e267fa3a-db86-4bf7-8124-c1523ddd6258,Chicken Taco,", I will take Coke.",i will take coke,cart,add_item,unknown,1.0000,1,ask_for_modifier,,,slots_detected_no_command,
2026-03-17T15:27:05.347750+00:00,2026-03-17,CA9fc12a0e3e33813ab17defbd6c236822,4,waiting_for_modifier,waiting_for_modifier,add_item,modifier,e267fa3a-db86-4bf7-8124-c1523ddd6258,Chicken Taco,I will text you again.,i will text you again,order,finish_order,finish_order,0.2290,1,repeat_modifier_options,,,reprompt,
2026-03-17T15:27:21.675422+00:00,2026-03-17,CA9fc12a0e3e33813ab17defbd6c236822,5,waiting_for_modifier,waiting_for_modifier,add_item,modifier,e267fa3a-db86-4bf7-8124-c1523ddd6258,Chicken Taco,Chicken.,chicken,cart,add_item,unknown,1.0000,1,ask_for_modifier,,,slots_detected_no_command,
2026-03-17T15:27:36.317283+00:00,2026-03-17,CA9fc12a0e3e33813ab17defbd6c236822,6,waiting_for_modifier,idle,add_item,modifier,e267fa3a-db86-4bf7-8124-c1523ddd6258,Chicken Taco,", I will take jelly.",i will take jelly,cart,add_item,unknown,1.0000,1,item_added_successfully,ADD_ITEM_TO_CART,"item_id=e267fa3a-db86-4bf7-8124-c1523ddd6258;quantity=1;variant_id=;sides={'d9dcbebe-7d66-4659-940c-3890678834b5': ['5e57e093-8aab-4e93-acec-5a696fadd73e']};side_variants={};modifiers={'600e5a6e-96d5-4759-9ca4-d229b0f6b9c2': ['58d39f8d-ac18-4998-808a-12302f5e4884'], '1e0fad0b-4d65-4e2d-a8bf-ad9d20696705': ['fce50f96-e4ad-48ff-914a-cb944402a4f1']}",success_command_emitted,
2026-03-17T15:27:47.138547+00:00,2026-03-17,CA9fc12a0e3e33813ab17defbd6c236822,7,idle,confirming_order,,,,,"No, let's check out.",no lets check out,order,checkout,checkout,0.9189,0,confirm_order_summary,,,observed,
2026-03-17T15:28:02.878379+00:00,2026-03-17,CA9fc12a0e3e33813ab17defbd6c236822,8,confirming_order,waiting_for_payment,,,,,Yes.,yes,confirmation,affirm,confirm,1.0000,0,payment_link_sent,,,success,
2026-03-17T15:28:11.943766+00:00,2026-03-17,CA9fc12a0e3e33813ab17defbd6c236822,9,waiting_for_payment,idle,,,,,I have done with the payment.,i have done with the payment,payment,payment_done,payment_done,0.9658,0,order_completed,CLEAR_CART,item_id=;quantity=;variant_id=;sides={};side_variants={};modifiers={},success_command_emitted,
2026-03-17T16:31:37.937887+00:00,2026-03-17,ui-1773765091548,1,idle,waiting_for_side,,,,,i want a chicken taco,i want a chicken taco,cart,add_item,add_item,0.9971,1,ask_for_side,,,slots_detected_no_command,
2026-03-17T16:31:40.257180+00:00,2026-03-17,ui-1773765091548,2,waiting_for_side,waiting_for_modifier,add_item,side,e267fa3a-db86-4bf7-8124-c1523ddd6258,Chicken Taco,coke,coke,cart,add_item,unknown,1.0000,1,ask_for_modifier,,,slots_detected_no_command,
2026-03-17T16:33:14.709177+00:00,2026-03-17,ui-1773765091548,3,waiting_for_modifier,waiting_for_modifier,add_item,modifier,e267fa3a-db86-4bf7-8124-c1523ddd6258,Chicken Taco,no,no,confirmation,deny,deny,0.9878,1,ask_for_modifier,,,observed,
2026-03-17T16:33:21.430889+00:00,2026-03-17,ui-1773765091548,4,waiting_for_modifier,waiting_for_modifier,add_item,modifier,e267fa3a-db86-4bf7-8124-c1523ddd6258,Chicken Taco,i don't want any,i dont want any,cart,remove_item,unknown,1.0000,1,repeat_modifier_options,,,reprompt,
2026-03-17T16:33:29.691508+00:00,2026-03-17,ui-1773765091548,5,waiting_for_modifier,idle,add_item,modifier,e267fa3a-db86-4bf7-8124-c1523ddd6258,Chicken Taco,no,no,confirmation,deny,deny,0.9878,1,item_added_successfully,ADD_ITEM_TO_CART,item_id=e267fa3a-db86-4bf7-8124-c1523ddd6258;quantity=1;variant_id=;sides={'d9dcbebe-7d66-4659-940c-3890678834b5': ['5e57e093-8aab-4e93-acec-5a696fadd73e']};side_variants={};modifiers={},success_command_emitted,
2026-03-17T16:33:33.200061+00:00,2026-03-17,ui-1773765091548,6,idle,confirming_order,,,,,no,no,confirmation,deny,deny,0.9878,0,confirm_order_summary,,,observed,
2026-03-17T16:33:36.053310+00:00,2026-03-17,ui-1773765091548,7,confirming_order,idle,,,,,no,no,confirmation,deny,deny,1.0000,0,order_cancelled,,,observed,
2026-03-17T16:33:40.046719+00:00,2026-03-17,ui-1773765091548,8,idle,idle,,,,,yes,yes,confirmation,affirm,confirm,0.9800,0,intent_not_allowed,,,failure,
2026-03-17T18:10:12.129670+00:00,2026-03-17,CA0401769c1504dc24f26f0605322ff164,1,idle,waiting_for_size,,,,,I would like to order a Coke.,i would like to order a coke,cart,add_item,add_item,0.9971,1,ask_for_size,,,slots_detected_no_command,
2026-03-17T18:10:23.966977+00:00,2026-03-17,CA0401769c1504dc24f26f0605322ff164,2,waiting_for_size,waiting_for_size,add_item,size,23f9fcab-6088-4906-930e-8e627fd46d9d,Coke,", I will take large.",i will take large,cart,modify_item,unknown,1.0000,0,ask_for_size,,,slots_detected_no_command,
2026-03-17T18:10:35.489495+00:00,2026-03-17,CA0401769c1504dc24f26f0605322ff164,3,waiting_for_size,waiting_for_size,add_item,size,23f9fcab-6088-4906-930e-8e627fd46d9d,Coke,Large.,large,cart,modify_item,unknown,1.0000,0,ask_for_size,,,slots_detected_no_command,
2026-03-17T18:10:46.568687+00:00,2026-03-17,CA0401769c1504dc24f26f0605322ff164,4,waiting_for_size,waiting_for_size,add_item,size,23f9fcab-6088-4906-930e-8e627fd46d9d,Coke,Have you taken small?,have you taken small,menu,availability_query,unknown,1.0000,0,ask_for_size,,,slots_detected_no_command,
2026-03-17T18:11:16.678058+00:00,2026-03-17,CA83f48a3655fdc3908b0e80ddcee4cdb2,1,idle,idle,,,,,I would like to address a contact.,i would like to address a contact,payment,payment_methods_query,payment_methods_query,0.3931,0,intent_not_allowed,,,failure,
2026-03-17T18:11:26.924238+00:00,2026-03-17,CA83f48a3655fdc3908b0e80ddcee4cdb2,2,idle,waiting_for_side,,,,,I want a chicken taco.,i want a chicken taco,cart,add_item,add_item,0.9971,1,ask_for_side,,,slots_detected_no_command,
2026-03-17T18:11:37.922555+00:00,2026-03-17,CA83f48a3655fdc3908b0e80ddcee4cdb2,3,waiting_for_side,waiting_for_modifier,add_item,side,e267fa3a-db86-4bf7-8124-c1523ddd6258,Chicken Taco,I'll take Coke.,ill take coke,cart,add_item,unknown,1.0000,1,ask_for_modifier,,,slots_detected_no_command,
2026-03-17T18:11:50.061637+00:00,2026-03-17,CA83f48a3655fdc3908b0e80ddcee4cdb2,4,waiting_for_modifier,waiting_for_modifier,add_item,modifier,e267fa3a-db86-4bf7-8124-c1523ddd6258,Chicken Taco,I will take chicken.,i will take chicken,cart,add_item,unknown,1.0000,1,ask_for_modifier,,,slots_detected_no_command,
2026-03-17T18:12:02.755881+00:00,2026-03-17,CA83f48a3655fdc3908b0e80ddcee4cdb2,5,waiting_for_modifier,idle,add_item,modifier,e267fa3a-db86-4bf7-8124-c1523ddd6258,Chicken Taco,I will take jelly.,i will take jelly,cart,add_item,unknown,1.0000,1,item_added_successfully,ADD_ITEM_TO_CART,"item_id=e267fa3a-db86-4bf7-8124-c1523ddd6258;quantity=1;variant_id=;sides={'d9dcbebe-7d66-4659-940c-3890678834b5': ['5e57e093-8aab-4e93-acec-5a696fadd73e']};side_variants={};modifiers={'600e5a6e-96d5-4759-9ca4-d229b0f6b9c2': ['58d39f8d-ac18-4998-808a-12302f5e4884'], '1e0fad0b-4d65-4e2d-a8bf-ad9d20696705': ['fce50f96-e4ad-48ff-914a-cb944402a4f1']}",success_command_emitted,
2026-03-17T18:12:56.307746+00:00,2026-03-17,CA44819599d32ff5ae4be916e712c171b0,1,idle,waiting_for_side,,,,,I would like to order chicken taco.,i would like to order chicken taco,cart,add_item,add_item,0.9941,1,ask_for_side,,,slots_detected_no_command,
2026-03-17T18:13:06.613996+00:00,2026-03-17,CA44819599d32ff5ae4be916e712c171b0,2,waiting_for_side,waiting_for_modifier,add_item,side,e267fa3a-db86-4bf7-8124-c1523ddd6258,Chicken Taco,I'll take Coke.,ill take coke,cart,add_item,unknown,1.0000,1,ask_for_modifier,,,slots_detected_no_command,
2026-03-17T18:13:20.243397+00:00,2026-03-17,CA44819599d32ff5ae4be916e712c171b0,3,waiting_for_modifier,waiting_for_modifier,add_item,modifier,e267fa3a-db86-4bf7-8124-c1523ddd6258,Chicken Taco,I'll take back.,ill take back,cart,undo_last,undo_last,0.7822,1,repeat_modifier_options,,,reprompt,
2026-03-17T18:13:37.005401+00:00,2026-03-17,CA44819599d32ff5ae4be916e712c171b0,4,waiting_for_modifier,waiting_for_modifier,add_item,modifier,e267fa3a-db86-4bf7-8124-c1523ddd6258,Chicken Taco,I'll take sausage.,ill take sausage,cart,add_item,unknown,1.0000,1,ask_for_modifier,,,slots_detected_no_command,
2026-03-17T18:13:51.302987+00:00,2026-03-17,CA44819599d32ff5ae4be916e712c171b0,5,waiting_for_modifier,waiting_for_quantity,add_item,modifier,e267fa3a-db86-4bf7-8124-c1523ddd6258,Chicken Taco,I'll take jelly.,ill take jelly,cart,add_item,unknown,1.0000,1,ask_for_quantity,,,slots_detected_no_command,
2026-03-17T18:14:04.269082+00:00,2026-03-17,CA44819599d32ff5ae4be916e712c171b0,6,waiting_for_quantity,idle,add_item,quantity,e267fa3a-db86-4bf7-8124-c1523ddd6258,Chicken Taco,"2, chicken tacos.",2 chicken tacos,cart,add_item,unknown,1.0000,0,item_added_successfully,ADD_ITEM_TO_CART,"item_id=e267fa3a-db86-4bf7-8124-c1523ddd6258;quantity=2;variant_id=;sides={'d9dcbebe-7d66-4659-940c-3890678834b5': ['5e57e093-8aab-4e93-acec-5a696fadd73e']};side_variants={};modifiers={'600e5a6e-96d5-4759-9ca4-d229b0f6b9c2': ['917d4025-7326-4fc7-b801-a6d76f14e0a9', '44b1d695-76ec-454e-b8d3-c01d5f1dcf92'], '1e0fad0b-4d65-4e2d-a8bf-ad9d20696705': ['fce50f96-e4ad-48ff-914a-cb944402a4f1']}",success_command_emitted,
2026-03-17T18:14:13.294250+00:00,2026-03-17,CA44819599d32ff5ae4be916e712c171b0,7,idle,confirming_order,,,,,", check out.",check out,order,checkout,checkout,0.9536,0,confirm_order_summary,,,observed,
2026-03-17T18:14:28.249836+00:00,2026-03-17,CA44819599d32ff5ae4be916e712c171b0,8,confirming_order,waiting_for_payment,,,,,Yes.,yes,confirmation,affirm,confirm,1.0000,0,payment_link_sent,,,success,
2026-03-17T18:14:41.630437+00:00,2026-03-17,CA44819599d32ff5ae4be916e712c171b0,9,waiting_for_payment,idle,,,,,I have paid.,i have paid,payment,payment_done,payment_done,0.9902,0,order_completed,CLEAR_CART,item_id=;quantity=;variant_id=;sides={};side_variants={};modifiers={},success_command_emitted,
2026-03-17T18:16:39.995397+00:00,2026-03-17,CA1014b83bc47f43db6f90da09b8adc58d,1,idle,idle,,,,,Hi. Do you guys have pizza?,hi do you guys have pizza,menu,availability_query,availability_query,0.8569,1,intent_not_allowed,,,failure,
2026-03-17T18:16:50.901889+00:00,2026-03-17,CA1014b83bc47f43db6f90da09b8adc58d,2,idle,confirming_item,,,,,"I, I want pizza.",i i want pizza,cart,add_item,add_item,0.9956,1,confirm_item_from_category,,,clarification,
2026-03-17T18:17:07.805409+00:00,2026-03-17,CA1014b83bc47f43db6f90da09b8adc58d,3,confirming_item,confirming_item,add_item,,,,"okay, I would like to order the second 1, you mentioned",okay i would like to order the second 1 you mentioned,cart,add_item,add_item,0.9121,1,confirm_item,,,observed,
2026-03-17T18:17:22.513524+00:00,2026-03-17,CA1014b83bc47f43db6f90da09b8adc58d,4,confirming_item,confirming_item,add_item,,,Corn on the Cob,The.,the,cart,affirm,confirm,0.3118,0,confirm_item,,,observed,
2026-03-17T18:17:39.945101+00:00,2026-03-17,CA6265cad93498f9da66f596f21d234e67,1,idle,confirming_item,,,,,I would like to order pizza.,i would like to order pizza,cart,add_item,add_item,0.9878,1,confirm_item_from_category,,,clarification,
2026-03-17T18:17:52.236472+00:00,2026-03-17,CA6265cad93498f9da66f596f21d234e67,2,confirming_item,confirming_item,add_item,,,,I would love to order BBQ Pizza.,i would love to order bbq pizza,cart,add_item,add_item,0.9888,1,confirm_item,,,slots_detected_no_command,
2026-03-17T18:18:00.585969+00:00,2026-03-17,CA6265cad93498f9da66f596f21d234e67,3,confirming_item,waiting_for_modifier,add_item,,,BBQ Chicken Pizza,Yes.,yes,confirmation,affirm,confirm,1.0000,0,ask_for_modifier,,,observed,
2026-03-17T18:18:13.868237+00:00,2026-03-17,CA6265cad93498f9da66f596f21d234e67,4,waiting_for_modifier,waiting_for_modifier,add_item,modifier,47d75359-75ab-4e9a-a036-5c8594723010,BBQ Chicken Pizza,Italian sausage is fine.,italian sausage is fine,menu,ask_item_info,unknown,1.0000,1,ask_for_modifier,,,slots_detected_no_command,
2026-03-17T18:18:29.617201+00:00,2026-03-17,CA6265cad93498f9da66f596f21d234e67,5,waiting_for_modifier,waiting_for_modifier,add_item,modifier,47d75359-75ab-4e9a-a036-5c8594723010,BBQ Chicken Pizza,Banana peppers are fine.,banana peppers are fine,menu,ask_item_info,unknown,1.0000,1,ask_for_modifier,,,slots_detected_no_command,
2026-03-17T18:18:45.666976+00:00,2026-03-17,CA6265cad93498f9da66f596f21d234e67,6,waiting_for_modifier,waiting_for_size,add_item,modifier,47d75359-75ab-4e9a-a036-5c8594723010,BBQ Chicken Pizza,Spicy tomato sauce.,spicy tomato sauce,cart,add_item,unknown,1.0000,1,ask_for_size,,,slots_detected_no_command,
2026-03-17T18:18:57.599803+00:00,2026-03-17,CA6265cad93498f9da66f596f21d234e67,7,waiting_for_size,waiting_for_size,add_item,size,47d75359-75ab-4e9a-a036-5c8594723010,BBQ Chicken Pizza,", medium.",medium,menu,modify_item,unknown,1.0000,0,ask_for_size,,,slots_detected_no_command,
2026-03-17T18:19:09.025539+00:00,2026-03-17,CA6265cad93498f9da66f596f21d234e67,8,waiting_for_size,waiting_for_size,add_item,size,47d75359-75ab-4e9a-a036-5c8594723010,BBQ Chicken Pizza,Medium.,medium,menu,modify_item,unknown,1.0000,0,ask_for_size,,,slots_detected_no_command,
2026-03-17T18:19:20.101619+00:00,2026-03-17,CA6265cad93498f9da66f596f21d234e67,9,waiting_for_size,waiting_for_size,add_item,size,47d75359-75ab-4e9a-a036-5c8594723010,BBQ Chicken Pizza,Small.,small,cart,modify_item,unknown,1.0000,0,ask_for_size,,,slots_detected_no_command,
2026-03-24T12:35:49.119867+00:00,2026-03-24,ui-1774355745404,1,idle,idle,,,,,Hi. Do you guys have pizza?,hi do you guys have pizza,menu,availability_query,availability_query,0.8569,1,menu_not_found,,,slots_detected_no_command,
2026-03-24T12:36:27.347313+00:00,2026-03-24,ui-1774355785097,1,idle,idle,,,,,Hi. Do you guys have pizza?,hi do you guys have pizza,menu,availability_query,availability_query,0.8569,1,menu_not_found,,,slots_detected_no_command,
2026-03-24T12:38:27.034895+00:00,2026-03-24,ui-1774355904353,1,idle,idle,,,,,Hi. Do you guys have pizza?,hi do you guys have pizza,menu,availability_query,availability_query,0.8569,1,menu_not_found,,,slots_detected_no_command,
2026-03-24T12:45:10.916682+00:00,2026-03-24,ui-1774356308569,1,idle,idle,,,,,Hi. Do you guys have pizza?,hi do you guys have pizza,menu,availability_query,availability_query,0.8569,1,show_category,,,slots_detected_no_command,
2026-03-24T12:45:19.868034+00:00,2026-03-24,ui-1774356308569,2,idle,idle,,,,,you got pasta,you got pasta,menu,availability_query,availability_query,0.9971,1,menu_not_found,,,slots_detected_no_command,
2026-03-24T12:45:59.310866+00:00,2026-03-24,ui-1774356308569,3,idle,idle,,,,,you got cheese,you got cheese,menu,availability_query,availability_query,0.9966,1,menu_ambiguity,,,slots_detected_no_command,
2026-03-24T12:46:09.798846+00:00,2026-03-24,ui-1774356308569,4,idle,idle,,,,,Cheeze Pratha,cheeze pratha,greeting,night,night,0.6855,0,intent_not_allowed,,,failure,
2026-03-24T13:20:00.698428+00:00,2026-03-24,ui-1774358387319,1,idle,idle,,,,,Hi. Do you guys have pizza?,hi do you guys have pizza,menu,availability_query,availability_query,0.8569,1,show_category,,,slots_detected_no_command,
2026-03-24T13:20:09.829927+00:00,2026-03-24,ui-1774358387319,2,idle,idle,,,,,which cheese you got,which cheese you got,menu,browse_category,browse_category,0.9360,1,show_menu_categories,,,slots_detected_no_command,
2026-03-24T13:20:33.206081+00:00,2026-03-24,ui-1774358387319,3,idle,idle,,,,,you got cheese,you got cheese,menu,availability_query,availability_query,0.9966,1,menu_ambiguity,,,slots_detected_no_command,
2026-03-24T13:22:10.298808+00:00,2026-03-24,ui-1774358455586,1,idle,idle,,,,,you got cheese,you got cheese,menu,availability_query,availability_query,0.9966,1,menu_ambiguity,,,slots_detected_no_command,
2026-03-24T13:22:35.309535+00:00,2026-03-24,ui-1774358455586,2,idle,idle,,,,,how much is blue cheese,how much is blue cheese,menu,ask_price,ask_price,0.9971,1,show_item_price,,,slots_detected_no_command,
2026-03-24T13:22:47.519311+00:00,2026-03-24,ui-1774358455586,3,idle,confirming_item,,,,,okay i want to have a drink,okay i want to have a drink,cart,add_item,add_item,0.9922,1,confirm_item_from_category,,,clarification,
2026-03-24T13:22:55.232609+00:00,2026-03-24,ui-1774358455586,4,confirming_item,confirming_item,add_item,,,,add diet coke,add diet coke,cart,add_item,add_item,0.9971,1,confirm_item,,,slots_detected_no_command,
2026-03-24T13:22:58.739434+00:00,2026-03-24,ui-1774358455586,5,confirming_item,waiting_for_size,add_item,,,Diet Coke,yes,yes,confirmation,affirm,confirm,1.0000,0,ask_for_size,,,observed,
2026-03-24T13:23:01.046312+00:00,2026-03-24,ui-1774358455586,6,waiting_for_size,waiting_for_size,add_item,size,2471af1b-76bc-4765-8391-ea62d863eacc,Diet Coke,small,small,cart,modify_item,unknown,1.0000,0,ask_for_size,,,slots_detected_no_command,
2026-03-24T13:23:04.073054+00:00,2026-03-24,ui-1774358455586,7,waiting_for_size,waiting_for_size,add_item,size,2471af1b-76bc-4765-8391-ea62d863eacc,Diet Coke,small,small,cart,modify_item,unknown,1.0000,0,ask_for_size,,,slots_detected_no_command,
