timestamp_utc,date_utc,session_id,turn_index,state_before,state_after,pending_action,current_prompt_field,current_item_id,current_item_name,user_text,normalized_text,pred_main_intent,pred_sub_intent,pred_intent,pred_intent_confidence,slot_model_ran,slot_count,slot_names,slot_values,response_key,command_type,command_summary,outcome,notes
2026-03-27T19:10:46.423306+00:00,2026-03-27,CAb93ae735abc31b575608a33c22c99245,1,idle,waiting_for_side,,,,,I would like to order a chicken taco.,i would like to order a chicken taco,cart,add_item,add_item,0.9966,1,1,ITEM,chicken taco,ask_for_side,,,reprompt,
2026-03-27T19:10:58.183877+00:00,2026-03-27,CAb93ae735abc31b575608a33c22c99245,2,waiting_for_side,waiting_for_modifier,add_item,side,e267fa3a-db86-4bf7-8124-c1523ddd6258,Chicken Taco,I appreciate Coke.,i appreciate coke,cart,add_item,unknown,1.0000,1,1,ITEM,coke,ask_for_modifier,,,reprompt,
2026-03-27T19:11:10.636849+00:00,2026-03-27,CAb93ae735abc31b575608a33c22c99245,3,waiting_for_modifier,waiting_for_modifier,add_item,modifier,e267fa3a-db86-4bf7-8124-c1523ddd6258,Chicken Taco,I will take sausage.,i will take sausage,cart,add_item,unknown,1.0000,1,1,ITEM,sausage,ask_for_modifier,,,reprompt,
2026-03-27T19:11:23.849448+00:00,2026-03-27,CAb93ae735abc31b575608a33c22c99245,4,waiting_for_modifier,idle,add_item,modifier,e267fa3a-db86-4bf7-8124-c1523ddd6258,Chicken Taco,Sausage gravy.,sausage gravy,cart,add_item,unknown,1.0000,1,1,ITEM,sausage gravy,item_added_successfully,ADD_ITEM_TO_CART,"item_id=e267fa3a-db86-4bf7-8124-c1523ddd6258;cart_item_id=;quantity=1;variant_id=;sides={""d9dcbebe-7d66-4659-940c-3890678834b5"": [""5e57e093-8aab-4e93-acec-5a696fadd73e""]};side_variants={};modifiers={""1e0fad0b-4d65-4e2d-a8bf-ad9d20696705"": [""ce917822-1bdf-4536-9a77-41a24d62d0ef""], ""600e5a6e-96d5-4759-9ca4-d229b0f6b9c2"": [""917d4025-7326-4fc7-b801-a6d76f14e0a9"", ""44b1d695-76ec-454e-b8d3-c01d5f1dcf92""]}",success_command_emitted,
2026-03-27T19:11:32.628107+00:00,2026-03-27,CAb93ae735abc31b575608a33c22c99245,5,idle,confirming_order,,,,,No. That's all.,no thats all,order,finish_order,finish_order,0.9399,0,0,,,confirm_order_summary,,,success,
2026-03-27T19:11:44.776415+00:00,2026-03-27,CAb93ae735abc31b575608a33c22c99245,6,confirming_order,waiting_for_payment,,,,,Checkout.,checkout,order,checkout,checkout,0.9673,0,0,,,payment_link_sent,,,success,
2026-03-27T19:11:57.887574+00:00,2026-03-27,CAb93ae735abc31b575608a33c22c99245,7,waiting_for_payment,idle,,,,,It's done.,its done,order,payment_done,payment_done,0.6943,0,0,,,order_completed,CLEAR_CART,item_id=;cart_item_id=;quantity=;variant_id=;sides={};side_variants={};modifiers={},success_command_emitted,
2026-03-27T19:38:39.380232+00:00,2026-03-27,CA1e85145368ce33b3a77edfbe53ccdb6e,1,idle,confirming_item,,,,,I would like to order a sugar taco.,i would like to order a sugar taco,cart,add_item,add_item,0.9966,1,1,ITEM,sugar taco,confirm_item_ambiguous,,,clarification,
2026-03-27T19:38:51.750959+00:00,2026-03-27,CA1e85145368ce33b3a77edfbe53ccdb6e,2,confirming_item,confirming_item,add_item,,,,Chicken taco.,chicken taco,cart,add_item,add_item,0.9951,1,1,ITEM,chicken taco,confirm_item,,,slots_detected_no_command,
2026-03-27T19:39:01.483656+00:00,2026-03-27,CA1e85145368ce33b3a77edfbe53ccdb6e,3,confirming_item,waiting_for_side,add_item,,,Chicken Taco,Yes.,yes,confirmation,affirm,confirm,1.0000,0,0,,,ask_for_side,,,reprompt,
2026-03-27T19:39:09.186334+00:00,2026-03-27,CA1e85145368ce33b3a77edfbe53ccdb6e,4,waiting_for_side,waiting_for_modifier,add_item,side,e267fa3a-db86-4bf7-8124-c1523ddd6258,Chicken Taco,A Coke.,a coke,cart,add_item,unknown,1.0000,1,1,ITEM,coke,ask_for_modifier,,,reprompt,
2026-03-27T19:39:19.039743+00:00,2026-03-27,CA1e85145368ce33b3a77edfbe53ccdb6e,5,waiting_for_modifier,waiting_for_modifier,add_item,modifier,e267fa3a-db86-4bf7-8124-c1523ddd6258,Chicken Taco,No.,no,confirmation,deny,deny,0.9878,1,0,,,ask_for_modifier,,,reprompt,
2026-03-27T19:39:45.847072+00:00,2026-03-27,CA1e85145368ce33b3a77edfbe53ccdb6e,6,waiting_for_modifier,waiting_for_modifier,add_item,modifier,e267fa3a-db86-4bf7-8124-c1523ddd6258,Chicken Taco,A case.,a case,order,order_error_status,order_error_status,0.1963,1,0,,,repeat_modifier_options,,,reprompt,
2026-03-27T20:08:16.292064+00:00,2026-03-27,CA29db78cc442278ed127f438c08d026c5,1,idle,confirming_item,,,,,One second taco.,one second taco,cart,add_item,add_item,0.9800,1,1,CATEGORY,taco,confirm_item_from_category,,,clarification,
2026-03-27T20:08:27.530983+00:00,2026-03-27,CA29db78cc442278ed127f438c08d026c5,2,confirming_item,confirming_item,add_item,,,,I want a chicken taco.,i want a chicken taco,cart,add_item,add_item,0.9971,1,1,ITEM,chicken taco,confirm_item,,,slots_detected_no_command,
2026-03-27T20:08:32.619102+00:00,2026-03-27,CA29db78cc442278ed127f438c08d026c5,3,confirming_item,cancellation_confirmation,add_item,,,Chicken Taco,I would like to order a Coke.,i would like to order a coke,cart,add_item,add_item,0.9971,1,1,ITEM,coke,confirm_cancel_current_item_for_new_request,,,clarification,
2026-03-27T20:08:43.364205+00:00,2026-03-27,CA29db78cc442278ed127f438c08d026c5,4,cancellation_confirmation,cancellation_confirmation,add_item,,,Chicken Taco,Hello?,hello,greeting,greeting,greeting,0.9731,0,0,,,confirm_cancel_current_item_for_new_request,,,clarification,
2026-03-27T20:08:48.682696+00:00,2026-03-27,CA29db78cc442278ed127f438c08d026c5,5,cancellation_confirmation,cancellation_confirmation,add_item,,,Chicken Taco,Hello? Are you listening to me?,hello are you listening to me,greeting,greeting,greeting,0.9214,0,0,,,confirm_cancel_current_item_for_new_request,,,clarification,
2026-03-30T14:23:38.507851+00:00,2026-03-30,CAc924e7866a595acc683d047a1233e3b2,1,idle,waiting_for_side,add_item,side,e267fa3a-db86-4bf7-8124-c1523ddd6258,Chicken Taco,I would like to order a chicken taco.,i would like to order a chicken taco,cart,add_item,add_item,0.9966,1,1,ITEM,chicken taco,ask_for_side,,,reprompt,
2026-03-30T14:23:45.099531+00:00,2026-03-30,CAc924e7866a595acc683d047a1233e3b2,2,waiting_for_side,waiting_for_modifier,add_item,modifier,e267fa3a-db86-4bf7-8124-c1523ddd6258,Chicken Taco,Coke.,coke,cart,add_item,unknown,1.0000,1,1,ITEM,coke,ask_for_modifier,,,reprompt,
2026-03-30T14:26:04.110066+00:00,2026-03-30,CA2334dfaaf12086fc21189e800e1bb99d,1,idle,waiting_for_side,add_item,side,e267fa3a-db86-4bf7-8124-c1523ddd6258,Chicken Taco,I would like to order a chicken taco.,i would like to order a chicken taco,cart,add_item,add_item,0.9966,1,1,ITEM,chicken taco,ask_for_side,,,reprompt,
2026-03-30T14:26:11.320954+00:00,2026-03-30,CA2334dfaaf12086fc21189e800e1bb99d,2,waiting_for_side,waiting_for_side,add_item,side,e267fa3a-db86-4bf7-8124-c1523ddd6258,Chicken Taco,Spoke.,spoke,order,affirm,confirm,0.3752,1,0,,,repeat_side_options,,,reprompt,
2026-03-30T14:27:27.105375+00:00,2026-03-30,CA51801ff03ce49256d0b3f0d81bf304f8,1,idle,waiting_for_side,add_item,side,e267fa3a-db86-4bf7-8124-c1523ddd6258,Chicken Taco,I would like to order a chicken taco.,i would like to order a chicken taco,cart,add_item,add_item,0.9966,1,1,ITEM,chicken taco,ask_for_side,,,reprompt,
2026-03-30T14:27:33.678872+00:00,2026-03-30,CA51801ff03ce49256d0b3f0d81bf304f8,2,waiting_for_side,waiting_for_modifier,add_item,modifier,e267fa3a-db86-4bf7-8124-c1523ddd6258,Chicken Taco,Coke.,coke,cart,add_item,unknown,1.0000,1,1,ITEM,coke,ask_for_modifier,,,reprompt,
2026-03-30T14:29:02.442072+00:00,2026-03-30,CA05efbdf5bd43d0f19fcc77dc92ae0488,1,idle,waiting_for_side,add_item,side,e267fa3a-db86-4bf7-8124-c1523ddd6258,Chicken Taco,I would like to order a chicken taco.,i would like to order a chicken taco,cart,add_item,add_item,0.9966,1,1,ITEM,chicken taco,ask_for_side,,,reprompt,
2026-03-30T14:29:11.797126+00:00,2026-03-30,CA05efbdf5bd43d0f19fcc77dc92ae0488,2,waiting_for_side,waiting_for_side,add_item,side,e267fa3a-db86-4bf7-8124-c1523ddd6258,Chicken Taco,Cook.,cook,order,payment_request,unknown,1.0000,1,1,ITEM,cook,repeat_side_options,,,reprompt,
2026-03-30T14:30:31.524153+00:00,2026-03-30,CA8686ef8b541db2766ce98125fad224ba,1,idle,waiting_for_side,add_item,side,e267fa3a-db86-4bf7-8124-c1523ddd6258,Chicken Taco,I want a chicken taco.,i want a chicken taco,cart,add_item,add_item,0.9971,1,1,ITEM,chicken taco,ask_for_side,,,reprompt,
2026-03-30T14:30:39.017894+00:00,2026-03-30,CA8686ef8b541db2766ce98125fad224ba,2,waiting_for_side,waiting_for_modifier,add_item,modifier,e267fa3a-db86-4bf7-8124-c1523ddd6258,Chicken Taco,Sprite.,sprite,cart,add_item,unknown,1.0000,1,1,ITEM,sprite,ask_for_modifier,,,reprompt,
2026-03-30T14:31:12.070412+00:00,2026-03-30,CAb79cd488378f5e25c626a16c56969a82,1,idle,waiting_for_side,add_item,side,e267fa3a-db86-4bf7-8124-c1523ddd6258,Chicken Taco,I would like to order a chicken taco.,i would like to order a chicken taco,cart,add_item,add_item,0.9966,1,1,ITEM,chicken taco,ask_for_side,,,reprompt,
2026-03-30T14:31:19.365800+00:00,2026-03-30,CAb79cd488378f5e25c626a16c56969a82,2,waiting_for_side,waiting_for_side,add_item,side,e267fa3a-db86-4bf7-8124-c1523ddd6258,Chicken Taco,Cook.,cook,order,payment_request,unknown,1.0000,1,1,ITEM,cook,repeat_side_options,,,reprompt,
2026-03-30T14:33:48.287643+00:00,2026-03-30,CA6c79687e9defcd0ec3d10c0087c142a5,1,idle,waiting_for_side,add_item,side,e267fa3a-db86-4bf7-8124-c1523ddd6258,Chicken Taco,I would like to order a chicken taco.,i would like to order a chicken taco,cart,add_item,add_item,0.9966,1,1,ITEM,chicken taco,ask_for_side,,,reprompt,
2026-03-30T14:33:55.485629+00:00,2026-03-30,CA6c79687e9defcd0ec3d10c0087c142a5,2,waiting_for_side,waiting_for_side,add_item,side,e267fa3a-db86-4bf7-8124-c1523ddd6258,Chicken Taco,Altec Sprite.,altec sprite,cart,add_item,unknown,1.0000,1,1,ITEM,altec sprite,repeat_side_options,,,reprompt,
2026-03-30T14:34:03.825043+00:00,2026-03-30,CA6c79687e9defcd0ec3d10c0087c142a5,3,waiting_for_side,waiting_for_modifier,add_item,modifier,e267fa3a-db86-4bf7-8124-c1523ddd6258,Chicken Taco,Coke.,coke,cart,add_item,unknown,1.0000,1,1,ITEM,coke,ask_for_modifier,,,reprompt,
2026-03-30T14:34:12.548417+00:00,2026-03-30,CA6c79687e9defcd0ec3d10c0087c142a5,4,waiting_for_modifier,waiting_for_modifier,add_item,modifier,e267fa3a-db86-4bf7-8124-c1523ddd6258,Chicken Taco,Yes.,yes,confirmation,affirm,confirm,0.9800,1,0,,,repeat_modifier_options,,,reprompt,
2026-03-30T14:34:21.462606+00:00,2026-03-30,CA6c79687e9defcd0ec3d10c0087c142a5,5,waiting_for_modifier,waiting_for_modifier,add_item,modifier,e267fa3a-db86-4bf7-8124-c1523ddd6258,Chicken Taco,"Oh, specs.",oh specs,menu,recommendation_query,recommendation_query,0.3318,1,0,,,repeat_modifier_options,,,reprompt,
2026-03-30T14:34:30.588738+00:00,2026-03-30,CA6c79687e9defcd0ec3d10c0087c142a5,6,waiting_for_modifier,waiting_for_modifier,add_item,modifier,e267fa3a-db86-4bf7-8124-c1523ddd6258,Chicken Taco,Chicken.,chicken,cart,add_item,unknown,1.0000,1,1,ITEM,chicken,ask_for_modifier,,,reprompt,
2026-03-30T14:34:37.685615+00:00,2026-03-30,CA6c79687e9defcd0ec3d10c0087c142a5,7,waiting_for_modifier,waiting_for_modifier,add_item,modifier,e267fa3a-db86-4bf7-8124-c1523ddd6258,Chicken Taco,Yes.,yes,confirmation,affirm,confirm,0.9800,1,0,,,repeat_modifier_options,,,reprompt,
2026-03-30T14:34:46.692876+00:00,2026-03-30,CA6c79687e9defcd0ec3d10c0087c142a5,8,waiting_for_modifier,waiting_for_modifier,add_item,modifier,e267fa3a-db86-4bf7-8124-c1523ddd6258,Chicken Taco,Charlie.,charlie,confirmation,affirm,unknown,1.0000,1,1,ITEM,charlie,repeat_modifier_options,,,reprompt,
2026-03-30T14:34:56.649539+00:00,2026-03-30,CA6c79687e9defcd0ec3d10c0087c142a5,9,waiting_for_modifier,idle,,,,,Jelly.,jelly,cart,add_item,unknown,1.0000,1,1,ITEM,jelly,item_added_successfully,ADD_ITEM_TO_CART,"item_id=e267fa3a-db86-4bf7-8124-c1523ddd6258;cart_item_id=;quantity=1;variant_id=;sides={""d9dcbebe-7d66-4659-940c-3890678834b5"": [""5e57e093-8aab-4e93-acec-5a696fadd73e""]};side_variants={};modifiers={""1e0fad0b-4d65-4e2d-a8bf-ad9d20696705"": [""fce50f96-e4ad-48ff-914a-cb944402a4f1""], ""600e5a6e-96d5-4759-9ca4-d229b0f6b9c2"": [""58d39f8d-ac18-4998-808a-12302f5e4884""]}",success_command_emitted,
2026-03-30T14:35:04.172597+00:00,2026-03-30,CA6c79687e9defcd0ec3d10c0087c142a5,10,idle,waiting_for_size,add_item,size,23f9fcab-6088-4906-930e-8e627fd46d9d,Coke,Add one Coke.,add one coke,cart,add_item,add_item,0.9971,1,1,ITEM,coke,ask_for_size,,,reprompt,
2026-03-30T14:35:11.739642+00:00,2026-03-30,CA6c79687e9defcd0ec3d10c0087c142a5,11,waiting_for_size,idle,,,,,Small.,small,cart,modify_item,unknown,1.0000,0,1,SIZE,small,item_added_successfully,ADD_ITEM_TO_CART,item_id=23f9fcab-6088-4906-930e-8e627fd46d9d;cart_item_id=;quantity=1;variant_id=small;sides={};side_variants={};modifiers={},success_command_emitted,
2026-03-30T14:35:17.309771+00:00,2026-03-30,CA6c79687e9defcd0ec3d10c0087c142a5,12,idle,confirming_order,,,,,That's all.,thats all,order,finish_order,finish_order,0.9404,0,0,,,confirm_order_summary,,,success,
2026-03-30T14:35:23.992763+00:00,2026-03-30,CA6c79687e9defcd0ec3d10c0087c142a5,13,confirming_order,waiting_for_payment,,,,,Yes.,yes,confirmation,affirm,confirm,1.0000,0,0,,,payment_link_sent,,,success,
2026-03-30T14:35:32.450029+00:00,2026-03-30,CA6c79687e9defcd0ec3d10c0087c142a5,14,waiting_for_payment,waiting_for_payment,,,,,I'm done.,im done,order,finish_order,finish_order,0.9434,0,0,,,waiting_for_payment,,,observed,
2026-03-30T14:35:39.792078+00:00,2026-03-30,CA6c79687e9defcd0ec3d10c0087c142a5,15,waiting_for_payment,idle,,,,,It's done.,its done,order,payment_done,payment_done,0.6943,0,0,,,order_completed,CLEAR_CART,item_id=;cart_item_id=;quantity=;variant_id=;sides={};side_variants={};modifiers={},success_command_emitted,
2026-03-30T15:34:14.631110+00:00,2026-03-30,CA58e50f1e6e5b40ff5c620d04e7706f4b,1,idle,waiting_for_side,add_item,side,e267fa3a-db86-4bf7-8124-c1523ddd6258,Chicken Taco,I would like two order chicken taco.,i would like two order chicken taco,cart,add_item,add_item,0.9971,1,1,ITEM,chicken taco,ask_for_side,,,reprompt,
2026-03-30T15:34:21.832475+00:00,2026-03-30,CA58e50f1e6e5b40ff5c620d04e7706f4b,2,waiting_for_side,waiting_for_modifier,add_item,modifier,e267fa3a-db86-4bf7-8124-c1523ddd6258,Chicken Taco,Sprite.,sprite,cart,add_item,unknown,1.0000,1,1,ITEM,sprite,ask_for_modifier,,,reprompt,
2026-03-30T15:34:28.783861+00:00,2026-03-30,CA58e50f1e6e5b40ff5c620d04e7706f4b,3,waiting_for_modifier,waiting_for_modifier,add_item,modifier,e267fa3a-db86-4bf7-8124-c1523ddd6258,Chicken Taco,Yes.,yes,confirmation,affirm,confirm,0.9800,1,0,,,repeat_modifier_options,,,reprompt,
2026-03-30T15:34:37.144885+00:00,2026-03-30,CA58e50f1e6e5b40ff5c620d04e7706f4b,4,waiting_for_modifier,waiting_for_modifier,add_item,modifier,e267fa3a-db86-4bf7-8124-c1523ddd6258,Chicken Taco,Chicken.,chicken,cart,add_item,unknown,1.0000,1,1,ITEM,chicken,ask_for_modifier,,,reprompt,
2026-03-30T15:34:44.327219+00:00,2026-03-30,CA58e50f1e6e5b40ff5c620d04e7706f4b,5,waiting_for_modifier,waiting_for_modifier,add_item,modifier,e267fa3a-db86-4bf7-8124-c1523ddd6258,Chicken Taco,Yes.,yes,confirmation,affirm,confirm,0.9800,1,0,,,repeat_modifier_options,,,reprompt,
2026-03-30T15:34:53.145208+00:00,2026-03-30,CA58e50f1e6e5b40ff5c620d04e7706f4b,6,waiting_for_modifier,idle,,,,,None.,none,confirmation,deny,deny,0.9229,1,0,,,item_added_successfully,ADD_ITEM_TO_CART,"item_id=e267fa3a-db86-4bf7-8124-c1523ddd6258;cart_item_id=;quantity=2;variant_id=;sides={""d9dcbebe-7d66-4659-940c-3890678834b5"": [""fc25a3af-9a5e-4494-96e0-f2f69a16662a""]};side_variants={};modifiers={""600e5a6e-96d5-4759-9ca4-d229b0f6b9c2"": [""58d39f8d-ac18-4998-808a-12302f5e4884""]}",success_command_emitted,
2026-03-30T15:34:58.821637+00:00,2026-03-30,CA58e50f1e6e5b40ff5c620d04e7706f4b,7,idle,confirming_order,,,,,No.,no,confirmation,deny,deny,0.9878,0,0,,,confirm_order_summary,,,success,
2026-03-30T15:35:05.472498+00:00,2026-03-30,CA58e50f1e6e5b40ff5c620d04e7706f4b,8,confirming_order,waiting_for_payment,,,,,Yeah.,yeah,confirmation,affirm,confirm,1.0000,0,0,,,payment_link_sent,,,success,
2026-03-30T15:35:14.027059+00:00,2026-03-30,CA58e50f1e6e5b40ff5c620d04e7706f4b,9,waiting_for_payment,waiting_for_payment,,,,,I'm done.,im done,order,finish_order,finish_order,0.9434,0,0,,,waiting_for_payment,,,observed,
2026-03-30T15:35:21.271404+00:00,2026-03-30,CA58e50f1e6e5b40ff5c620d04e7706f4b,10,waiting_for_payment,idle,,,,,I have done payment.,i have done payment,payment,payment_done,payment_done,0.9790,0,0,,,order_completed,CLEAR_CART,item_id=;cart_item_id=;quantity=;variant_id=;sides={};side_variants={};modifiers={},success_command_emitted,
2026-03-30T15:46:50.196560+00:00,2026-03-30,CA823323047080b15bc4a8b19d53874ad7,1,idle,waiting_for_side,add_item,side,e267fa3a-db86-4bf7-8124-c1523ddd6258,Chicken Taco,I would like to order a chicken taco.,i would like to order a chicken taco,cart,add_item,add_item,0.9966,1,1,ITEM,chicken taco,ask_for_side,,,reprompt,
2026-03-30T15:46:57.121983+00:00,2026-03-30,CA823323047080b15bc4a8b19d53874ad7,2,waiting_for_side,waiting_for_modifier,add_item,modifier,e267fa3a-db86-4bf7-8124-c1523ddd6258,Chicken Taco,Sprite.,sprite,cart,add_item,unknown,1.0000,1,1,ITEM,sprite,ask_for_modifier,,,reprompt,
2026-03-30T15:47:04.674827+00:00,2026-03-30,CA823323047080b15bc4a8b19d53874ad7,3,waiting_for_modifier,waiting_for_modifier,add_item,modifier,e267fa3a-db86-4bf7-8124-c1523ddd6258,Chicken Taco,Yes.,yes,confirmation,affirm,confirm,0.9800,1,0,,,repeat_modifier_options,,,reprompt,
2026-03-30T15:47:12.325358+00:00,2026-03-30,CA823323047080b15bc4a8b19d53874ad7,4,waiting_for_modifier,waiting_for_modifier,add_item,modifier,e267fa3a-db86-4bf7-8124-c1523ddd6258,Chicken Taco,Chicken.,chicken,cart,add_item,unknown,1.0000,1,1,ITEM,chicken,ask_for_modifier,,,reprompt,
2026-03-30T15:47:18.722566+00:00,2026-03-30,CA823323047080b15bc4a8b19d53874ad7,5,waiting_for_modifier,waiting_for_modifier,add_item,modifier,e267fa3a-db86-4bf7-8124-c1523ddd6258,Chicken Taco,Five piece.,five piece,cart,add_item,unknown,1.0000,1,1,ITEM,piece,repeat_modifier_options,,,reprompt,
2026-03-30T15:47:27.319603+00:00,2026-03-30,CA823323047080b15bc4a8b19d53874ad7,6,waiting_for_modifier,waiting_for_modifier,add_item,modifier,e267fa3a-db86-4bf7-8124-c1523ddd6258,Chicken Taco,Piece.,piece,confirmation,affirm,unknown,1.0000,1,1,ITEM,piece,repeat_modifier_options,,,reprompt,
2026-03-30T15:47:35.891113+00:00,2026-03-30,CA823323047080b15bc4a8b19d53874ad7,7,waiting_for_modifier,idle,,,,,I said cheese.,i said cheese,cart,cart_item_query,unknown,1.0000,1,1,ITEM,cheese,item_added_successfully,ADD_ITEM_TO_CART,"item_id=e267fa3a-db86-4bf7-8124-c1523ddd6258;cart_item_id=;quantity=1;variant_id=;sides={""d9dcbebe-7d66-4659-940c-3890678834b5"": [""fc25a3af-9a5e-4494-96e0-f2f69a16662a""]};side_variants={};modifiers={""1e0fad0b-4d65-4e2d-a8bf-ad9d20696705"": [""38352951-3cfc-4bed-aa59-bdef96e6edea""], ""600e5a6e-96d5-4759-9ca4-d229b0f6b9c2"": [""58d39f8d-ac18-4998-808a-12302f5e4884""]}",success_command_emitted,
2026-03-30T15:47:42.257751+00:00,2026-03-30,CA823323047080b15bc4a8b19d53874ad7,8,idle,waiting_for_size,add_item,size,23f9fcab-6088-4906-930e-8e627fd46d9d,Coke,Add one Coke.,add one coke,cart,add_item,add_item,0.9971,1,1,ITEM,coke,ask_for_size,,,reprompt,
2026-03-30T15:47:48.872126+00:00,2026-03-30,CA823323047080b15bc4a8b19d53874ad7,9,waiting_for_size,idle,,,,,Small.,small,cart,modify_item,unknown,1.0000,0,1,SIZE,small,item_added_successfully,ADD_ITEM_TO_CART,item_id=23f9fcab-6088-4906-930e-8e627fd46d9d;cart_item_id=;quantity=1;variant_id=small;sides={};side_variants={};modifiers={},success_command_emitted,
2026-03-30T15:47:55.994449+00:00,2026-03-30,CA823323047080b15bc4a8b19d53874ad7,10,idle,confirming_item,add_item,,,,Yuko chicken burger.,yuko chicken burger,cart,add_item,add_item,0.9907,1,1,ITEM,yuko chicken burger,confirm_item_ambiguous,,,clarification,
2026-03-30T15:48:03.830315+00:00,2026-03-30,CA823323047080b15bc4a8b19d53874ad7,11,confirming_item,confirming_item,add_item,,,Chicken Burger,Chicken burger.,chicken burger,cart,add_item,add_item,0.9849,1,1,ITEM,chicken burger,confirm_item,,,slots_detected_no_command,
2026-03-30T15:48:09.025794+00:00,2026-03-30,CA823323047080b15bc4a8b19d53874ad7,12,confirming_item,waiting_for_side,add_item,side,f915405d-7ae7-4ff7-95ab-9638684863cd,Chicken Burger,Yeah.,yeah,confirmation,affirm,confirm,1.0000,0,0,,,ask_for_side,,,reprompt,
2026-03-30T15:48:12.298939+00:00,2026-03-30,CA823323047080b15bc4a8b19d53874ad7,13,waiting_for_side,waiting_for_side,add_item,side,f915405d-7ae7-4ff7-95ab-9638684863cd,Chicken Burger,Yes.,yes,confirmation,affirm,confirm,0.9800,1,0,,,repeat_side_options,,,reprompt,
2026-03-30T15:48:15.489914+00:00,2026-03-30,CA823323047080b15bc4a8b19d53874ad7,14,waiting_for_side,waiting_for_side,add_item,side,f915405d-7ae7-4ff7-95ab-9638684863cd,Chicken Burger,Sprite.,sprite,cart,add_item,unknown,1.0000,1,1,ITEM,sprite,repeat_side_options,,,reprompt,
2026-03-30T15:48:25.372595+00:00,2026-03-30,CA823323047080b15bc4a8b19d53874ad7,15,waiting_for_side,waiting_for_side,add_item,side,f915405d-7ae7-4ff7-95ab-9638684863cd,Chicken Burger,Am I confused?,am i confused,confirmation,deny,deny,0.3416,1,0,,,repeat_side_options,,,reprompt,
2026-03-30T15:48:35.311198+00:00,2026-03-30,CA823323047080b15bc4a8b19d53874ad7,16,waiting_for_side,waiting_for_side,add_item,side,f915405d-7ae7-4ff7-95ab-9638684863cd,Chicken Burger,American cheese.,american cheese,cart,add_item,unknown,1.0000,1,1,ITEM,american cheese,ask_for_side,,,reprompt,
2026-03-30T15:48:41.695454+00:00,2026-03-30,CA823323047080b15bc4a8b19d53874ad7,17,waiting_for_side,waiting_for_side,add_item,side,f915405d-7ae7-4ff7-95ab-9638684863cd,Chicken Burger,Sprite.,sprite,cart,add_item,unknown,1.0000,1,1,ITEM,sprite,repeat_side_options,,,reprompt,
2026-03-30T15:48:50.469870+00:00,2026-03-30,CA823323047080b15bc4a8b19d53874ad7,18,waiting_for_side,waiting_for_side,add_item,side,f915405d-7ae7-4ff7-95ab-9638684863cd,Chicken Burger,Beef meat.,beef meat,cart,add_item,unknown,1.0000,1,1,ITEM,beef meat,ask_for_side,,,reprompt,
2026-03-30T15:48:57.182068+00:00,2026-03-30,CA823323047080b15bc4a8b19d53874ad7,19,waiting_for_side,waiting_for_side,add_item,side,f915405d-7ae7-4ff7-95ab-9638684863cd,Chicken Burger,Cooked.,cooked,order,order_processing_status,order_processing_status,0.4268,1,0,,,repeat_side_options,,,reprompt,
2026-03-30T15:49:06.255265+00:00,2026-03-30,CA823323047080b15bc4a8b19d53874ad7,20,waiting_for_side,waiting_for_side,add_item,side,f915405d-7ae7-4ff7-95ab-9638684863cd,Chicken Burger,Plain ban.,plain ban,cart,remove_item,unknown,1.0000,1,1,ITEM,plain ban,repeat_side_options,,,reprompt,
2026-03-30T15:49:16.049443+00:00,2026-03-30,CA823323047080b15bc4a8b19d53874ad7,21,waiting_for_side,waiting_for_side,add_item,side,f915405d-7ae7-4ff7-95ab-9638684863cd,Chicken Burger,Sesame bun.,sesame bun,cart,add_item,unknown,1.0000,1,1,ITEM,bun,too_many_side_choices,,,slots_detected_no_command,
2026-03-30T15:49:27.163036+00:00,2026-03-30,CA823323047080b15bc4a8b19d53874ad7,22,waiting_for_side,waiting_for_modifier,add_item,modifier,f915405d-7ae7-4ff7-95ab-9638684863cd,Chicken Burger,A potato bun.,a potato bun,cart,add_item,unknown,1.0000,1,1,ITEM,potato bun,ask_for_modifier,,,reprompt,
2026-03-30T15:49:36.057632+00:00,2026-03-30,CA823323047080b15bc4a8b19d53874ad7,23,waiting_for_modifier,waiting_for_modifier,add_item,modifier,f915405d-7ae7-4ff7-95ab-9638684863cd,Chicken Burger,Breaded cheese.,breaded cheese,menu,add_item,unknown,1.0000,1,1,ITEM,breaded cheese,repeat_modifier_options,,,reprompt,
2026-03-30T15:49:44.869555+00:00,2026-03-30,CA823323047080b15bc4a8b19d53874ad7,24,waiting_for_modifier,waiting_for_modifier,add_item,modifier,f915405d-7ae7-4ff7-95ab-9638684863cd,Chicken Burger,Fresh mushrooms.,fresh mushrooms,cart,add_item,unknown,1.0000,1,1,ITEM,fresh mushrooms,ask_for_modifier,,,reprompt,
2026-03-30T15:49:52.326872+00:00,2026-03-30,CA823323047080b15bc4a8b19d53874ad7,25,waiting_for_modifier,waiting_for_quantity,add_item,quantity,f915405d-7ae7-4ff7-95ab-9638684863cd,Chicken Burger,No.,no,confirmation,deny,deny,0.9878,1,0,,,ask_for_quantity,,,reprompt,
2026-03-30T15:49:58.189283+00:00,2026-03-30,CA823323047080b15bc4a8b19d53874ad7,26,waiting_for_quantity,idle,,,,,Two.,two,cart,change_quantity,unknown,1.0000,0,1,QUANTITY,2,item_added_successfully,ADD_ITEM_TO_CART,"item_id=f915405d-7ae7-4ff7-95ab-9638684863cd;cart_item_id=;quantity=2;variant_id=;sides={""1533aa4b-2fb3-4c34-93b8-3dc8725e14f8"": [""3e398c85-68ce-4fd7-b6e1-6922f44e5723""], ""41ebef92-7eec-45e1-ab7a-7ef4a9e761cf"": [""4a439696-d83c-4159-8d97-fe5c6741f432""], ""47f97ded-8cb7-4d0c-8c4a-33acf9c9a302"": [""73b9413f-9333-4d9f-904f-cda8269347b7""]};side_variants={};modifiers={""c9d5417c-a93e-49da-a157-02bdf043fa90"": [""587992fa-f720-44df-ac93-4f77296ce4a7""]}",success_command_emitted,
2026-03-30T15:50:03.521418+00:00,2026-03-30,CA823323047080b15bc4a8b19d53874ad7,27,idle,confirming_order,,,,,No.,no,confirmation,deny,deny,0.9878,0,0,,,confirm_order_summary,,,success,
2026-03-30T15:50:10.802011+00:00,2026-03-30,CA823323047080b15bc4a8b19d53874ad7,28,confirming_order,waiting_for_payment,,,,,Yeah.,yeah,confirmation,affirm,confirm,1.0000,0,0,,,payment_link_sent,,,success,
2026-03-30T15:50:17.298078+00:00,2026-03-30,CA823323047080b15bc4a8b19d53874ad7,29,waiting_for_payment,waiting_for_payment,,,,,I'm done.,im done,order,finish_order,finish_order,0.9434,0,0,,,waiting_for_payment,,,observed,
2026-03-30T15:50:25.636066+00:00,2026-03-30,CA823323047080b15bc4a8b19d53874ad7,30,waiting_for_payment,waiting_for_payment,,,,,Okay. It's done.,okay its done,order,finish_order,finish_order,0.8823,0,0,,,waiting_for_payment,,,observed,
2026-03-30T15:50:32.919874+00:00,2026-03-30,CA823323047080b15bc4a8b19d53874ad7,31,waiting_for_payment,idle,,,,,Okay. Thank you.,okay thank you,confirmation,affirm,confirm,0.7637,0,0,,,order_completed,CLEAR_CART,item_id=;cart_item_id=;quantity=;variant_id=;sides={};side_variants={};modifiers={},success_command_emitted,
2026-03-30T16:28:44.289249+00:00,2026-03-30,CA895b0a2b420cb200e19cd48ba6dc6de5,1,idle,waiting_for_side,add_item,side,e267fa3a-db86-4bf7-8124-c1523ddd6258,Chicken Taco,I would like to order a chicken taco.,i would like to order a chicken taco,cart,add_item,add_item,0.9966,1,1,ITEM,chicken taco,ask_for_side,,,reprompt,
2026-03-30T16:28:54.922651+00:00,2026-03-30,CA895b0a2b420cb200e19cd48ba6dc6de5,2,waiting_for_side,waiting_for_modifier,add_item,modifier,e267fa3a-db86-4bf7-8124-c1523ddd6258,Chicken Taco,I will take Coke.,i will take coke,cart,add_item,unknown,1.0000,1,1,ITEM,coke,ask_for_modifier,,,reprompt,
2026-03-30T16:29:04.952239+00:00,2026-03-30,CA895b0a2b420cb200e19cd48ba6dc6de5,3,waiting_for_modifier,waiting_for_modifier,add_item,modifier,e267fa3a-db86-4bf7-8124-c1523ddd6258,Chicken Taco,Chicken.,chicken,cart,add_item,unknown,1.0000,1,1,ITEM,chicken,ask_for_modifier,,,reprompt,
2026-03-30T16:29:14.294929+00:00,2026-03-30,CA895b0a2b420cb200e19cd48ba6dc6de5,4,waiting_for_modifier,idle,,,,,No.,no,confirmation,deny,deny,0.9878,1,0,,,item_added_successfully,ADD_ITEM_TO_CART,"item_id=e267fa3a-db86-4bf7-8124-c1523ddd6258;cart_item_id=;quantity=1;variant_id=;sides={""d9dcbebe-7d66-4659-940c-3890678834b5"": [""5e57e093-8aab-4e93-acec-5a696fadd73e""]};side_variants={};modifiers={""600e5a6e-96d5-4759-9ca4-d229b0f6b9c2"": [""58d39f8d-ac18-4998-808a-12302f5e4884""]}",success_command_emitted,
2026-03-30T16:29:21.059608+00:00,2026-03-30,CA895b0a2b420cb200e19cd48ba6dc6de5,5,idle,waiting_for_side,add_item,side,f915405d-7ae7-4ff7-95ab-9638684863cd,Chicken Burger,I would like to have a chicken burger.,i would like to have a chicken burger,cart,add_item,add_item,0.9932,1,1,ITEM,chicken burger,ask_for_side,,,reprompt,
2026-03-30T16:29:31.279469+00:00,2026-03-30,CA895b0a2b420cb200e19cd48ba6dc6de5,6,waiting_for_side,waiting_for_side,add_item,side,f915405d-7ae7-4ff7-95ab-9638684863cd,Chicken Burger,Macaroni.,macaroni,cart,add_item,unknown,1.0000,1,1,ITEM,macaroni,repeat_side_options,,,reprompt,
2026-03-30T16:29:40.801444+00:00,2026-03-30,CA895b0a2b420cb200e19cd48ba6dc6de5,7,waiting_for_side,waiting_for_side,add_item,side,f915405d-7ae7-4ff7-95ab-9638684863cd,Chicken Burger,Am I confused?,am i confused,confirmation,deny,deny,0.3416,1,0,,,repeat_side_options,,,reprompt,
2026-03-30T16:29:50.085387+00:00,2026-03-30,CA895b0a2b420cb200e19cd48ba6dc6de5,8,waiting_for_side,waiting_for_side,add_item,side,f915405d-7ae7-4ff7-95ab-9638684863cd,Chicken Burger,American.,american,menu,ask_item_info,unknown,1.0000,1,1,ITEM,american,ask_for_side,,,reprompt,
2026-03-30T16:29:59.420252+00:00,2026-03-30,CA895b0a2b420cb200e19cd48ba6dc6de5,9,waiting_for_side,waiting_for_side,add_item,side,f915405d-7ae7-4ff7-95ab-9638684863cd,Chicken Burger,Lemon meat.,lemon meat,cart,add_item,unknown,1.0000,1,1,ITEM,lemon meat,repeat_side_options,,,reprompt,
2026-03-30T16:30:07.497812+00:00,2026-03-30,CA895b0a2b420cb200e19cd48ba6dc6de5,10,waiting_for_side,waiting_for_side,add_item,side,f915405d-7ae7-4ff7-95ab-9638684863cd,Chicken Burger,A lamb meal.,a lamb meal,cart,add_item,unknown,1.0000,1,1,ITEM,lamb meal,repeat_side_options,,,reprompt,
2026-03-30T16:30:16.142525+00:00,2026-03-30,CA895b0a2b420cb200e19cd48ba6dc6de5,11,waiting_for_side,waiting_for_side,add_item,side,f915405d-7ae7-4ff7-95ab-9638684863cd,Chicken Burger,A lamb meat.,a lamb meat,cart,add_item,unknown,1.0000,1,1,ITEM,lamb meat,ask_for_side,,,reprompt,
2026-03-30T16:30:25.442088+00:00,2026-03-30,CA895b0a2b420cb200e19cd48ba6dc6de5,12,waiting_for_side,waiting_for_side,add_item,side,f915405d-7ae7-4ff7-95ab-9638684863cd,Chicken Burger,Plain bun.,plain bun,cart,add_item,unknown,1.0000,1,1,ITEM,bun,too_many_side_choices,,,slots_detected_no_command,
2026-03-30T16:30:34.611136+00:00,2026-03-30,CA895b0a2b420cb200e19cd48ba6dc6de5,13,waiting_for_side,waiting_for_side,add_item,side,f915405d-7ae7-4ff7-95ab-9638684863cd,Chicken Burger,Sesame bun.,sesame bun,cart,add_item,unknown,1.0000,1,1,ITEM,bun,too_many_side_choices,,,slots_detected_no_command,
2026-03-30T16:30:44.283139+00:00,2026-03-30,CA895b0a2b420cb200e19cd48ba6dc6de5,14,waiting_for_side,waiting_for_modifier,add_item,modifier,f915405d-7ae7-4ff7-95ab-9638684863cd,Chicken Burger,A plain bun.,a plain bun,cart,add_item,unknown,1.0000,1,1,ITEM,plain bun,ask_for_modifier,,,reprompt,
2026-03-30T16:30:59.820595+00:00,2026-03-30,CA895b0a2b420cb200e19cd48ba6dc6de5,15,waiting_for_modifier,waiting_for_modifier,add_item,modifier,f915405d-7ae7-4ff7-95ab-9638684863cd,Chicken Burger,I said pickup.,i said pickup,cart,replace_item,unknown,1.0000,1,1,ITEM,pickup,repeat_modifier_options,,,reprompt,
2026-03-30T16:31:08.402852+00:00,2026-03-30,CA895b0a2b420cb200e19cd48ba6dc6de5,16,waiting_for_modifier,waiting_for_modifier,add_item,modifier,f915405d-7ae7-4ff7-95ab-9638684863cd,Chicken Burger,I said bacon.,i said bacon,cart,cart_item_query,unknown,1.0000,1,1,ITEM,bacon,ask_for_modifier,,,reprompt,
2026-03-30T16:31:18.684392+00:00,2026-03-30,CA895b0a2b420cb200e19cd48ba6dc6de5,17,waiting_for_modifier,idle,,,,,No.,no,confirmation,deny,deny,0.9878,1,0,,,item_added_successfully,ADD_ITEM_TO_CART,"item_id=f915405d-7ae7-4ff7-95ab-9638684863cd;cart_item_id=;quantity=1;variant_id=;sides={""1533aa4b-2fb3-4c34-93b8-3dc8725e14f8"": [""907824e9-59e8-49c7-93ec-11f129d2b24e""], ""41ebef92-7eec-45e1-ab7a-7ef4a9e761cf"": [""d20e28a1-f7b1-4db2-972d-fd53e7abf9cc""], ""47f97ded-8cb7-4d0c-8c4a-33acf9c9a302"": [""73b9413f-9333-4d9f-904f-cda8269347b7""]};side_variants={};modifiers={""c9d5417c-a93e-49da-a157-02bdf043fa90"": [""06617c2c-4033-48a2-912e-ca552415eb1f""]}",success_command_emitted,
2026-03-30T16:31:24.149954+00:00,2026-03-30,CA895b0a2b420cb200e19cd48ba6dc6de5,18,idle,waiting_for_size,add_item,size,23f9fcab-6088-4906-930e-8e627fd46d9d,Coke,Add a Coke.,add a coke,cart,add_item,add_item,0.9971,1,1,ITEM,coke,ask_for_size,,,reprompt,
2026-03-30T16:31:31.930415+00:00,2026-03-30,CA895b0a2b420cb200e19cd48ba6dc6de5,19,waiting_for_size,idle,,,,,A large.,a large,cart,modify_item,unknown,1.0000,0,1,SIZE,large,item_added_successfully,ADD_ITEM_TO_CART,item_id=23f9fcab-6088-4906-930e-8e627fd46d9d;cart_item_id=;quantity=1;variant_id=large;sides={};side_variants={};modifiers={},success_command_emitted,
2026-03-30T16:31:37.805741+00:00,2026-03-30,CA895b0a2b420cb200e19cd48ba6dc6de5,20,idle,confirming_order,,,,,No. That's all.,no thats all,order,finish_order,finish_order,0.9399,0,0,,,confirm_order_summary,,,success,
2026-03-30T16:31:44.255965+00:00,2026-03-30,CA895b0a2b420cb200e19cd48ba6dc6de5,21,confirming_order,waiting_for_payment,,,,,"Oh, yeah.",oh yeah,confirmation,affirm,confirm,0.9771,0,0,,,payment_link_sent,,,success,
2026-03-30T16:31:51.413680+00:00,2026-03-30,CA895b0a2b420cb200e19cd48ba6dc6de5,22,waiting_for_payment,idle,,,,,I'm done with the payment.,im done with the payment,payment,payment_done,payment_done,0.9673,0,0,,,order_completed,CLEAR_CART,item_id=;cart_item_id=;quantity=;variant_id=;sides={};side_variants={};modifiers={},success_command_emitted,
2026-03-30T16:57:41.151944+00:00,2026-03-30,CA2d09f0bd418bae6d1c4b7146b3eee859,1,idle,waiting_for_side,add_item,side,e267fa3a-db86-4bf7-8124-c1523ddd6258,Chicken Taco,I would like to order a chicken taco.,i would like to order a chicken taco,cart,add_item,add_item,0.9966,1,1,ITEM,chicken taco,ask_for_side,,,reprompt,
2026-03-30T16:57:52.339299+00:00,2026-03-30,CA2d09f0bd418bae6d1c4b7146b3eee859,2,waiting_for_side,waiting_for_side,add_item,side,e267fa3a-db86-4bf7-8124-c1523ddd6258,Chicken Taco,I will take 12 buses.,i will take 12 buses,cart,add_item,unknown,1.0000,1,1,ITEM,12 buses,too_many_side_choices,,,slots_detected_no_command,
2026-03-30T16:58:02.068166+00:00,2026-03-30,CA2d09f0bd418bae6d1c4b7146b3eee859,3,waiting_for_side,waiting_for_side,add_item,side,e267fa3a-db86-4bf7-8124-c1523ddd6258,Chicken Taco,Cook.,cook,order,payment_request,unknown,1.0000,1,1,ITEM,cook,repeat_side_options,,,reprompt,
2026-03-30T16:58:11.414089+00:00,2026-03-30,CA2d09f0bd418bae6d1c4b7146b3eee859,4,waiting_for_side,waiting_for_modifier,add_item,modifier,e267fa3a-db86-4bf7-8124-c1523ddd6258,Chicken Taco,I will take Coke.,i will take coke,cart,add_item,unknown,1.0000,1,1,ITEM,coke,ask_for_modifier,,,reprompt,
2026-03-30T16:58:21.522386+00:00,2026-03-30,CA2d09f0bd418bae6d1c4b7146b3eee859,5,waiting_for_modifier,waiting_for_modifier,add_item,modifier,e267fa3a-db86-4bf7-8124-c1523ddd6258,Chicken Taco,Sausage.,sausage,cart,add_item,unknown,1.0000,1,1,ITEM,sausage,ask_for_modifier,,,reprompt,
2026-03-30T16:58:33.876597+00:00,2026-03-30,CA2d09f0bd418bae6d1c4b7146b3eee859,6,waiting_for_modifier,waiting_for_modifier,add_item,modifier,e267fa3a-db86-4bf7-8124-c1523ddd6258,Chicken Taco,Charlie.,charlie,confirmation,affirm,unknown,1.0000,1,1,ITEM,charlie,repeat_modifier_options,,,reprompt,
2026-03-30T16:58:42.308384+00:00,2026-03-30,CA2d09f0bd418bae6d1c4b7146b3eee859,7,waiting_for_modifier,waiting_for_modifier,add_item,modifier,e267fa3a-db86-4bf7-8124-c1523ddd6258,Chicken Taco,"Oh, Charlie.",oh charlie,confirmation,greeting,unknown,1.0000,1,1,ITEM,charlie,repeat_modifier_options,,,reprompt,
2026-03-30T16:58:50.972539+00:00,2026-03-30,CA2d09f0bd418bae6d1c4b7146b3eee859,8,waiting_for_modifier,waiting_for_modifier,add_item,modifier,e267fa3a-db86-4bf7-8124-c1523ddd6258,Chicken Taco,Lysatch Valley.,lysatch valley,menu,add_item,unknown,1.0000,1,1,ITEM,lysatch valley,repeat_modifier_options,,,reprompt,
2026-03-30T16:59:01.479915+00:00,2026-03-30,CA2d09f0bd418bae6d1c4b7146b3eee859,9,waiting_for_modifier,idle,,,,,Sausage gravy.,sausage gravy,cart,add_item,unknown,1.0000,1,1,ITEM,sausage gravy,item_added_successfully,ADD_ITEM_TO_CART,"item_id=e267fa3a-db86-4bf7-8124-c1523ddd6258;cart_item_id=;quantity=1;variant_id=;sides={""d9dcbebe-7d66-4659-940c-3890678834b5"": [""5e57e093-8aab-4e93-acec-5a696fadd73e""]};side_variants={};modifiers={""1e0fad0b-4d65-4e2d-a8bf-ad9d20696705"": [""ce917822-1bdf-4536-9a77-41a24d62d0ef"", ""0833a4e9-b1d6-4f82-ad50-72c778710f23""], ""600e5a6e-96d5-4759-9ca4-d229b0f6b9c2"": [""917d4025-7326-4fc7-b801-a6d76f14e0a9"", ""44b1d695-76ec-454e-b8d3-c01d5f1dcf92""]}",success_command_emitted,
2026-03-30T16:59:08.048731+00:00,2026-03-30,CA2d09f0bd418bae6d1c4b7146b3eee859,10,idle,idle,,,,,You got pizza?,you got pizza,menu,availability_query,availability_query,0.9966,1,1,CATEGORY,pizza,show_category,,,slots_detected_no_command,
2026-03-30T16:59:19.500668+00:00,2026-03-30,CA2d09f0bd418bae6d1c4b7146b3eee859,11,idle,idle,,,,,Buy Because You Can Pizza.,buy because you can pizza,menu,availability_query,availability_query,0.3257,1,1,CATEGORY,pizza,intent_not_allowed,,,failure,
2026-03-30T16:59:27.400818+00:00,2026-03-30,CA2d09f0bd418bae6d1c4b7146b3eee859,12,idle,idle,,,,,"I said, Babi, which one is",i said babi which one is,cart,cart_item_query,cart_item_query,0.5542,0,0,,,intent_not_allowed,,,failure,
2026-03-30T17:13:15.550771+00:00,2026-03-30,CA8a95d5ac35912c2935c515526ca6d9c1,1,idle,waiting_for_side,add_item,side,e267fa3a-db86-4bf7-8124-c1523ddd6258,Chicken Taco,I would like to order a chicken taco.,i would like to order a chicken taco,cart,add_item,add_item,0.9966,1,1,ITEM,chicken taco,ask_for_side,,,reprompt,
2026-03-30T17:13:25.887723+00:00,2026-03-30,CA8a95d5ac35912c2935c515526ca6d9c1,2,waiting_for_side,waiting_for_side,add_item,side,e267fa3a-db86-4bf7-8124-c1523ddd6258,Chicken Taco,I will take Coke 12 o z.,i will take coke 12 o z,cart,add_item,unknown,1.0000,1,1,ITEM,coke 12 o z,too_many_side_choices,,,slots_detected_no_command,
2026-03-30T17:13:36.350750+00:00,2026-03-30,CA8a95d5ac35912c2935c515526ca6d9c1,3,waiting_for_side,waiting_for_modifier,add_item,modifier,e267fa3a-db86-4bf7-8124-c1523ddd6258,Chicken Taco,I will take Coke.,i will take coke,cart,add_item,unknown,1.0000,1,1,ITEM,coke,ask_for_modifier,,,reprompt,
2026-03-30T17:13:47.608410+00:00,2026-03-30,CA8a95d5ac35912c2935c515526ca6d9c1,4,waiting_for_modifier,waiting_for_modifier,add_item,modifier,e267fa3a-db86-4bf7-8124-c1523ddd6258,Chicken Taco,Sausage.,sausage,cart,add_item,unknown,1.0000,1,1,ITEM,sausage,ask_for_modifier,,,reprompt,
2026-03-30T17:13:58.027358+00:00,2026-03-30,CA8a95d5ac35912c2935c515526ca6d9c1,5,waiting_for_modifier,idle,,,,,Jelly.,jelly,cart,add_item,unknown,1.0000,1,1,ITEM,jelly,item_added_successfully,ADD_ITEM_TO_CART,"item_id=e267fa3a-db86-4bf7-8124-c1523ddd6258;cart_item_id=;quantity=1;variant_id=;sides={""d9dcbebe-7d66-4659-940c-3890678834b5"": [""5e57e093-8aab-4e93-acec-5a696fadd73e""]};side_variants={};modifiers={""1e0fad0b-4d65-4e2d-a8bf-ad9d20696705"": [""fce50f96-e4ad-48ff-914a-cb944402a4f1""], ""600e5a6e-96d5-4759-9ca4-d229b0f6b9c2"": [""917d4025-7326-4fc7-b801-a6d76f14e0a9"", ""44b1d695-76ec-454e-b8d3-c01d5f1dcf92""]}",success_command_emitted,
2026-03-30T17:14:05.681402+00:00,2026-03-30,CA8a95d5ac35912c2935c515526ca6d9c1,6,idle,confirming_order,,,,,No.,no,confirmation,deny,deny,0.9878,0,0,,,confirm_order_summary,,,success,
2026-03-30T17:14:12.936547+00:00,2026-03-30,CA8a95d5ac35912c2935c515526ca6d9c1,7,confirming_order,confirming_order,,,,,You got pizza?,you got pizza,menu,availability_query,availability_query,0.9966,1,1,CATEGORY,pizza,show_category,,,slots_detected_no_command,
2026-03-30T17:14:25.970236+00:00,2026-03-30,CA8a95d5ac35912c2935c515526ca6d9c1,8,confirming_order,confirming_order,,,,,I will take barbecue chicken pizza.,i will take barbecue chicken pizza,cart,add_item,add_item,0.9897,1,1,ITEM,barbecue chicken pizza,confirm_order_summary,,,success,
2026-03-30T17:14:34.343922+00:00,2026-03-30,CA8a95d5ac35912c2935c515526ca6d9c1,9,confirming_order,confirming_order,,,,,I will take Barbie Group pizza.,i will take barbie group pizza,cart,add_item,add_item,0.9927,1,1,ITEM,barbie group pizza,confirm_order_summary,,,success,
2026-03-30T17:14:40.665958+00:00,2026-03-30,CA8a95d5ac35912c2935c515526ca6d9c1,10,confirming_order,idle,,,,,No.,no,confirmation,deny,deny,1.0000,0,0,,,order_cancelled,,,observed,
2026-03-30T17:14:49.661177+00:00,2026-03-30,CA8a95d5ac35912c2935c515526ca6d9c1,11,idle,confirming_item,add_item,,,,I want barbecue pizza.,i want barbecue pizza,cart,add_item,add_item,0.9966,1,1,ITEM,barbecue pizza,confirm_item_ambiguous,,,clarification,
2026-03-30T17:15:00.245286+00:00,2026-03-30,CA8a95d5ac35912c2935c515526ca6d9c1,12,confirming_item,confirming_item,add_item,,,,I said barbecue pizza.,i said barbecue pizza,cart,replace_item,replace_item,0.4802,0,0,,,confirm_item_from_category,,,clarification,
2026-03-30T17:15:12.228624+00:00,2026-03-30,CA8a95d5ac35912c2935c515526ca6d9c1,13,confirming_item,confirming_item,add_item,,,,Apple steak.,apple steak,cart,add_item,add_item,0.9902,1,1,ITEM,apple steak,confirm_item_ambiguous,,,clarification,
2026-03-30T17:15:18.150217+00:00,2026-03-30,CA8a95d5ac35912c2935c515526ca6d9c1,14,confirming_item,confirming_item,add_item,,,BBQ Chicken Pizza,I will take BBQ pizza.,i will take bbq pizza,cart,add_item,add_item,0.9893,1,1,ITEM,bbq pizza,confirm_item,,,slots_detected_no_command,
2026-03-30T17:15:21.907176+00:00,2026-03-30,CA8a95d5ac35912c2935c515526ca6d9c1,15,confirming_item,waiting_for_modifier,add_item,modifier,47d75359-75ab-4e9a-a036-5c8594723010,BBQ Chicken Pizza,Yeah.,yeah,confirmation,affirm,confirm,1.0000,0,0,,,ask_for_modifier,,,reprompt,
2026-03-30T17:15:34.066767+00:00,2026-03-30,CA8a95d5ac35912c2935c515526ca6d9c1,16,waiting_for_modifier,waiting_for_modifier,add_item,modifier,47d75359-75ab-4e9a-a036-5c8594723010,BBQ Chicken Pizza,Italian sausage. Italian sausage.,italian sausage italian sausage,cart,add_item,unknown,1.0000,1,2,"ITEM, ITEM","italian sausage, italian sausage",ask_for_modifier,,,reprompt,
2026-03-30T17:15:46.383028+00:00,2026-03-30,CA8a95d5ac35912c2935c515526ca6d9c1,17,waiting_for_modifier,waiting_for_modifier,add_item,modifier,47d75359-75ab-4e9a-a036-5c8594723010,BBQ Chicken Pizza,Banana peppers.,banana peppers,cart,add_item,unknown,1.0000,1,1,ITEM,banana peppers,ask_for_modifier,,,reprompt,
2026-03-30T17:15:59.122502+00:00,2026-03-30,CA8a95d5ac35912c2935c515526ca6d9c1,18,waiting_for_modifier,waiting_for_modifier,add_item,modifier,47d75359-75ab-4e9a-a036-5c8594723010,BBQ Chicken Pizza,Spicy tomato sauce.,spicy tomato sauce,cart,add_item,unknown,1.0000,1,1,ITEM,spicy tomato sauce,too_many_modifier_choices,,,slots_detected_no_command,
2026-03-30T17:16:18.204448+00:00,2026-03-30,CA8a95d5ac35912c2935c515526ca6d9c1,19,waiting_for_modifier,waiting_for_modifier,add_item,modifier,47d75359-75ab-4e9a-a036-5c8594723010,BBQ Chicken Pizza,I said spicy tomato sauce.,i said spicy tomato sauce,cart,cart_item_query,unknown,1.0000,1,1,ITEM,spicy tomato sauce,too_many_modifier_choices,,,slots_detected_no_command,
2026-03-30T17:16:30.150521+00:00,2026-03-30,CA8a95d5ac35912c2935c515526ca6d9c1,20,waiting_for_modifier,waiting_for_modifier,add_item,modifier,47d75359-75ab-4e9a-a036-5c8594723010,BBQ Chicken Pizza,Spicy tomato sauce.,spicy tomato sauce,cart,add_item,unknown,1.0000,1,1,ITEM,spicy tomato sauce,too_many_modifier_choices,,,slots_detected_no_command,
2026-03-30T17:16:41.088025+00:00,2026-03-30,CA8a95d5ac35912c2935c515526ca6d9c1,21,waiting_for_modifier,waiting_for_modifier,add_item,modifier,47d75359-75ab-4e9a-a036-5c8594723010,BBQ Chicken Pizza,No sauce. No.,no sauce no,cart,add_item,unknown,1.0000,1,1,MODIFIER,sauce,too_many_modifier_choices,,,slots_detected_no_command,
2026-03-30T17:16:52.892623+00:00,2026-03-30,CA8a95d5ac35912c2935c515526ca6d9c1,22,waiting_for_modifier,waiting_for_size,add_item,size,47d75359-75ab-4e9a-a036-5c8594723010,BBQ Chicken Pizza,Regular tomatoes.,regular tomatoes,menu,add_item,add_item,0.8081,1,0,,,ask_for_size,,,reprompt,
2026-03-30T17:17:02.915680+00:00,2026-03-30,CA8a95d5ac35912c2935c515526ca6d9c1,23,waiting_for_size,waiting_for_quantity,add_item,quantity,47d75359-75ab-4e9a-a036-5c8594723010,BBQ Chicken Pizza,Large.,large,cart,modify_item,unknown,1.0000,0,1,SIZE,large,ask_for_quantity,,,reprompt,
2026-03-30T17:17:09.685241+00:00,2026-03-30,CA8a95d5ac35912c2935c515526ca6d9c1,24,waiting_for_quantity,idle,,,,,At two.,at two,cart,change_quantity,unknown,1.0000,0,1,QUANTITY,2,item_added_successfully,ADD_ITEM_TO_CART,"item_id=47d75359-75ab-4e9a-a036-5c8594723010;cart_item_id=;quantity=2;variant_id=large;sides={};side_variants={};modifiers={""79de45c1-e0c7-4392-91c5-a0a587ed6361"": [""15be8476-75e4-4a21-8974-992b25ea74af"", ""36d51f5e-02d7-4685-bd22-4b9c8396975b""], ""f1d63ffe-ec97-4ce5-af35-7701f6738b81"": [""4d9f8ee6-bb29-460a-8a74-d991021772d3""], ""f2253502-1973-4346-ba26-613db082038b"": [""d8ca7358-2933-443e-9638-988eb06e1c38""]}",success_command_emitted,
2026-03-30T17:17:15.513585+00:00,2026-03-30,CA8a95d5ac35912c2935c515526ca6d9c1,25,idle,confirming_order,,,,,No.,no,confirmation,deny,deny,0.9878,0,0,,,confirm_order_summary,,,success,
2026-03-30T17:17:21.669758+00:00,2026-03-30,CA8a95d5ac35912c2935c515526ca6d9c1,26,confirming_order,waiting_for_payment,,,,,Yeah.,yeah,confirmation,affirm,confirm,1.0000,0,0,,,payment_link_sent,,,success,
2026-03-30T17:17:29.623774+00:00,2026-03-30,CA8a95d5ac35912c2935c515526ca6d9c1,27,waiting_for_payment,idle,,,,,Have done the payment.,have done the payment,payment,payment_done,payment_done,0.7422,0,0,,,order_completed,CLEAR_CART,item_id=;cart_item_id=;quantity=;variant_id=;sides={};side_variants={};modifiers={},success_command_emitted,
2026-03-30T17:17:40.070471+00:00,2026-03-30,CA8a95d5ac35912c2935c515526ca6d9c1,28,idle,idle,,,,,Thank you.,thank you,confirmation,affirm,confirm,0.5171,0,0,,,intent_not_allowed,,,failure,
2026-03-30T17:17:48.933622+00:00,2026-03-30,CA8a95d5ac35912c2935c515526ca6d9c1,29,idle,idle,,,,,Goodbye.,goodbye,greeting,night,night,0.6050,0,0,,,intent_not_allowed,,,failure,
2026-03-30T18:19:44.994225+00:00,2026-03-30,CAf67ba96479de61c84b2dc5a5d91b99c6,1,idle,idle,,,,,I would like to order what you can buy the,i would like to order what you can buy the,menu,browse_menu,browse_menu,0.8730,1,0,,,show_menu_categories,,,observed,
2026-03-30T18:19:56.442850+00:00,2026-03-30,CAf67ba96479de61c84b2dc5a5d91b99c6,2,idle,confirming_item,add_item,,,,Five twenty wings.,five twenty wings,cart,add_item,add_item,0.9961,1,1,ITEM,twenty wings,confirm_item_ambiguous,,,clarification,
2026-03-30T18:20:03.513766+00:00,2026-03-30,CAf67ba96479de61c84b2dc5a5d91b99c6,3,confirming_item,confirming_item,add_item,,,,Yeah.,yeah,confirmation,affirm,confirm,1.0000,0,0,,,confirm_item_ambiguous,,,clarification,
2026-03-30T18:20:06.828625+00:00,2026-03-30,CAf67ba96479de61c84b2dc5a5d91b99c6,4,confirming_item,confirming_item,add_item,,,,69.1.,691,cart,affirm,confirm,0.4897,0,0,,,confirm_item_ambiguous,,,clarification,
2026-03-30T18:20:16.297229+00:00,2026-03-30,CAf67ba96479de61c84b2dc5a5d91b99c6,5,confirming_item,confirming_item,add_item,,,,", sixty one fifty wings.",sixty one fifty wings,cart,add_item,add_item,0.9937,1,1,ITEM,fifty wings,confirm_item_ambiguous,,,clarification,
2026-03-30T18:20:28.341419+00:00,2026-03-30,CAf67ba96479de61c84b2dc5a5d91b99c6,6,confirming_item,confirming_item,add_item,,,,,,,,unknown,0.0000,0,0,,,confirm_item_ambiguous,,,clarification,
2026-03-30T18:20:35.513237+00:00,2026-03-30,CAf67ba96479de61c84b2dc5a5d91b99c6,7,confirming_item,confirming_item,add_item,,,,60.2 for wings.,602 for wings,cart,add_item,add_item,0.9033,1,2,"ITEM, ITEM","602, wings",confirm_item_ambiguous,,,clarification,
2026-03-30T18:20:42.131835+00:00,2026-03-30,CAf67ba96479de61c84b2dc5a5d91b99c6,8,confirming_item,confirming_item,add_item,,,,Yeah.,yeah,confirmation,affirm,confirm,1.0000,0,0,,,confirm_item_ambiguous,,,clarification,
2026-03-30T18:21:03.311683+00:00,2026-03-30,CA9032f28778174e0e17ebf5a66486e97c,1,idle,waiting_for_modifier,add_item,modifier,7d757545-aeb5-4a68-8760-b2a010427edb,Burger,I would like to order a burger,i would like to order a burger,cart,add_item,add_item,0.9966,1,1,ITEM,burger,ask_for_modifier,,,reprompt,
2026-03-30T18:21:13.975917+00:00,2026-03-30,CA9032f28778174e0e17ebf5a66486e97c,2,waiting_for_modifier,idle,,,,,Banana pepper.,banana pepper,cart,add_item,unknown,1.0000,1,1,ITEM,banana pepper,item_added_successfully,ADD_ITEM_TO_CART,"item_id=7d757545-aeb5-4a68-8760-b2a010427edb;cart_item_id=;quantity=1;variant_id=;sides={};side_variants={};modifiers={""6ffec512-3321-4e2e-95a0-fbe2fa89970e"": [""35a78bcf-04c4-45e0-a9d6-bb3a7d013ecb""]}",success_command_emitted,
2026-03-30T18:21:21.627815+00:00,2026-03-30,CA9032f28778174e0e17ebf5a66486e97c,3,idle,idle,,,,,I want something like,i want something like,cart,recommendation_query,recommendation_query,0.4453,0,0,,,intent_not_allowed,,,failure,
2026-03-30T18:21:24.941791+00:00,2026-03-30,CA9032f28778174e0e17ebf5a66486e97c,4,idle,waiting_for_side,add_item,side,f915405d-7ae7-4ff7-95ab-9638684863cd,Chicken Burger,chicken burger.,chicken burger,cart,add_item,add_item,0.9849,1,1,ITEM,chicken burger,ask_for_side,,,reprompt,
2026-03-30T18:21:31.954066+00:00,2026-03-30,CA9032f28778174e0e17ebf5a66486e97c,5,waiting_for_side,waiting_for_side,add_item,side,f915405d-7ae7-4ff7-95ab-9638684863cd,Chicken Burger,I want a chicken burger.,i want a chicken burger,cart,add_item,unknown,1.0000,1,1,ITEM,chicken burger,repeat_side_options,,,reprompt,
2026-03-30T18:21:38.471194+00:00,2026-03-30,CA9032f28778174e0e17ebf5a66486e97c,6,waiting_for_side,waiting_for_side,add_item,side,f915405d-7ae7-4ff7-95ab-9638684863cd,Chicken Burger,I'll take my confused.,ill take my confused,cart,undo_last,unknown,1.0000,1,1,ITEM,confused,repeat_side_options,,,reprompt,
2026-03-30T18:21:44.425343+00:00,2026-03-30,CA9032f28778174e0e17ebf5a66486e97c,7,waiting_for_side,waiting_for_side,add_item,side,f915405d-7ae7-4ff7-95ab-9638684863cd,Chicken Burger,I will check my countries.,i will check my countries,order,order_status_general,order_status_general,0.8027,1,0,,,repeat_side_options,,,reprompt,
2026-03-30T18:21:56.194065+00:00,2026-03-30,CA9032f28778174e0e17ebf5a66486e97c,8,waiting_for_side,waiting_for_side,add_item,side,f915405d-7ae7-4ff7-95ab-9638684863cd,Chicken Burger,American cheese.,american cheese,cart,add_item,unknown,1.0000,1,1,ITEM,american cheese,ask_for_side,,,reprompt,
2026-03-30T18:22:05.950366+00:00,2026-03-30,CA9032f28778174e0e17ebf5a66486e97c,9,waiting_for_side,waiting_for_side,add_item,side,f915405d-7ae7-4ff7-95ab-9638684863cd,Chicken Burger,Alistair clam meat.,alistair clam meat,cart,add_item,unknown,1.0000,1,1,ITEM,alistair clam meat,repeat_side_options,,,reprompt,
2026-03-30T18:22:14.861064+00:00,2026-03-30,CA9032f28778174e0e17ebf5a66486e97c,10,waiting_for_side,waiting_for_side,add_item,side,f915405d-7ae7-4ff7-95ab-9638684863cd,Chicken Burger,I will take lamb meal.,i will take lamb meal,cart,add_item,unknown,1.0000,1,1,ITEM,lamb meal,repeat_side_options,,,reprompt,
2026-03-30T18:22:23.893758+00:00,2026-03-30,CA9032f28778174e0e17ebf5a66486e97c,11,waiting_for_side,waiting_for_side,add_item,side,f915405d-7ae7-4ff7-95ab-9638684863cd,Chicken Burger,I said lump meat.,i said lump meat,cart,modify_item,unknown,1.0000,1,1,ITEM,lump meat,repeat_side_options,,,reprompt,
2026-03-30T18:22:31.789597+00:00,2026-03-30,CA9032f28778174e0e17ebf5a66486e97c,12,waiting_for_side,waiting_for_side,add_item,side,f915405d-7ae7-4ff7-95ab-9638684863cd,Chicken Burger,Lamb meal.,lamb meal,cart,add_item,unknown,1.0000,1,1,ITEM,lamb meal,repeat_side_options,,,reprompt,
2026-03-30T18:22:40.023210+00:00,2026-03-30,CA9032f28778174e0e17ebf5a66486e97c,13,waiting_for_side,waiting_for_side,add_item,side,f915405d-7ae7-4ff7-95ab-9638684863cd,Chicken Burger,Beef meat.,beef meat,cart,add_item,unknown,1.0000,1,1,ITEM,beef meat,ask_for_side,,,reprompt,
2026-03-30T18:22:46.060173+00:00,2026-03-30,CA9032f28778174e0e17ebf5a66486e97c,14,waiting_for_side,waiting_for_side,add_item,side,f915405d-7ae7-4ff7-95ab-9638684863cd,Chicken Burger,No bun.,no bun,cart,remove_item,unknown,1.0000,1,1,ITEM,bun,repeat_side_options,,,reprompt,
2026-03-30T18:22:48.753848+00:00,2026-03-30,CA9032f28778174e0e17ebf5a66486e97c,15,waiting_for_side,waiting_for_side,add_item,side,f915405d-7ae7-4ff7-95ab-9638684863cd,Chicken Burger,"No, Ben. No, Ben.",no ben no ben,cart,remove_item,unknown,1.0000,1,1,ITEM,ben no ben,repeat_side_options,,,reprompt,
2026-03-30T18:22:57.762582+00:00,2026-03-30,CA9032f28778174e0e17ebf5a66486e97c,16,waiting_for_side,waiting_for_side,add_item,side,f915405d-7ae7-4ff7-95ab-9638684863cd,Chicken Burger,Sesame bean.,sesame bean,cart,add_item,unknown,1.0000,1,1,ITEM,sesame bean,repeat_side_options,,,reprompt,
2026-03-30T18:23:06.665413+00:00,2026-03-30,CA9032f28778174e0e17ebf5a66486e97c,17,waiting_for_side,waiting_for_side,add_item,side,f915405d-7ae7-4ff7-95ab-9638684863cd,Chicken Burger,"I said no, Ben.",i said no ben,cart,deny,unknown,1.0000,1,1,ITEM,no ben,repeat_side_options,,,reprompt,
2026-03-30T18:39:46.038673+00:00,2026-03-30,CAe70b1e1a77468e2bb50e0421fd619fb1,1,idle,confirming_item,add_item,,,,I would like to order a pizza.,i would like to order a pizza,cart,add_item,add_item,0.9966,1,1,CATEGORY,pizza,confirm_item_from_category,,,clarification,
2026-03-30T18:39:58.424940+00:00,2026-03-30,CAe70b1e1a77468e2bb50e0421fd619fb1,2,confirming_item,confirming_item,add_item,,,,I would like barbecue chicken pizza.,i would like barbecue chicken pizza,cart,add_item,add_item,0.9941,1,1,ITEM,barbecue chicken pizza,confirm_item_ambiguous,,,clarification,
2026-03-30T18:40:07.879345+00:00,2026-03-30,CAe70b1e1a77468e2bb50e0421fd619fb1,3,confirming_item,confirming_item,add_item,,,,Barbecue chicken pizza.,barbecue chicken pizza,cart,add_item,add_item,0.9751,1,1,ITEM,barbecue chicken pizza,confirm_item_ambiguous,,,clarification,
2026-03-30T18:40:19.447701+00:00,2026-03-30,CAe70b1e1a77468e2bb50e0421fd619fb1,4,confirming_item,confirming_item,add_item,,,,A barbecue chicken pizza.,a barbecue chicken pizza,cart,add_item,add_item,0.9976,1,1,ITEM,barbecue chicken pizza,confirm_item_ambiguous,,,clarification,
2026-03-30T18:40:28.039561+00:00,2026-03-30,CAe70b1e1a77468e2bb50e0421fd619fb1,5,confirming_item,confirming_item,add_item,,,BBQ Chicken Pizza,BBQ pizza.,bbq pizza,cart,add_item,add_item,0.9526,1,1,ITEM,bbq pizza,confirm_item,,,slots_detected_no_command,
2026-03-30T18:40:33.354052+00:00,2026-03-30,CAe70b1e1a77468e2bb50e0421fd619fb1,6,confirming_item,waiting_for_modifier,add_item,modifier,47d75359-75ab-4e9a-a036-5c8594723010,BBQ Chicken Pizza,Yeah.,yeah,confirmation,affirm,confirm,1.0000,0,0,,,ask_for_modifier,,,reprompt,
2026-03-30T18:40:41.555776+00:00,2026-03-30,CAe70b1e1a77468e2bb50e0421fd619fb1,7,waiting_for_modifier,waiting_for_modifier,add_item,modifier,47d75359-75ab-4e9a-a036-5c8594723010,BBQ Chicken Pizza,Yes.,yes,confirmation,affirm,confirm,0.9800,1,0,,,repeat_modifier_options,,,reprompt,
2026-03-30T18:40:45.622277+00:00,2026-03-30,CAe70b1e1a77468e2bb50e0421fd619fb1,8,waiting_for_modifier,waiting_for_modifier,add_item,modifier,47d75359-75ab-4e9a-a036-5c8594723010,BBQ Chicken Pizza,Pepperoni.,pepperoni,cart,add_item,unknown,1.0000,1,1,ITEM,pepperoni,ask_for_modifier,,,reprompt,
2026-03-30T18:40:55.767874+00:00,2026-03-30,CAe70b1e1a77468e2bb50e0421fd619fb1,9,waiting_for_modifier,waiting_for_modifier,add_item,modifier,47d75359-75ab-4e9a-a036-5c8594723010,BBQ Chicken Pizza,Olives.,olives,cart,add_item,unknown,1.0000,1,1,ITEM,olives,repeat_modifier_options,,,reprompt,
2026-03-30T18:41:06.709223+00:00,2026-03-30,CAe70b1e1a77468e2bb50e0421fd619fb1,10,waiting_for_modifier,waiting_for_modifier,add_item,modifier,47d75359-75ab-4e9a-a036-5c8594723010,BBQ Chicken Pizza,Onions.,onions,cart,add_item,unknown,1.0000,1,1,ITEM,onions,ask_for_modifier,,,reprompt,
2026-03-30T18:41:19.222419+00:00,2026-03-30,CAe70b1e1a77468e2bb50e0421fd619fb1,11,waiting_for_modifier,waiting_for_size,add_item,size,47d75359-75ab-4e9a-a036-5c8594723010,BBQ Chicken Pizza,Spicy tomato sauce.,spicy tomato sauce,cart,add_item,unknown,1.0000,1,1,ITEM,spicy tomato sauce,ask_for_size,,,reprompt,
2026-03-30T18:41:27.796350+00:00,2026-03-30,CAe70b1e1a77468e2bb50e0421fd619fb1,12,waiting_for_size,idle,,,,,Large.,large,cart,modify_item,unknown,1.0000,0,1,SIZE,large,item_added_successfully,ADD_ITEM_TO_CART,"item_id=47d75359-75ab-4e9a-a036-5c8594723010;cart_item_id=;quantity=1;variant_id=large;sides={};side_variants={};modifiers={""79de45c1-e0c7-4392-91c5-a0a587ed6361"": [""ee6ddd9f-e5e7-40e7-9326-a5cd1610edc0""], ""f1d63ffe-ec97-4ce5-af35-7701f6738b81"": [""2d834ab2-0c53-44bb-bd75-eef7f3c2bcc0""], ""f2253502-1973-4346-ba26-613db082038b"": [""7ef672eb-f04f-48a0-9ebb-5558a453099b""]}",success_command_emitted,
2026-03-30T18:41:34.606575+00:00,2026-03-30,CAe70b1e1a77468e2bb50e0421fd619fb1,13,idle,idle,,,,,You put platters.,you put platters,menu,availability_query,availability_query,0.6670,1,1,CATEGORY,platters,show_category,,,slots_detected_no_command,
2026-03-30T18:41:49.222500+00:00,2026-03-30,CAe70b1e1a77468e2bb50e0421fd619fb1,14,idle,confirming_item,add_item,,,,I would like number three snow crab platter.,i would like number three snow crab platter,cart,add_item,add_item,0.9961,1,1,ITEM,number three snow crab platter,confirm_item_ambiguous,,,clarification,
2026-03-30T18:42:01.818024+00:00,2026-03-30,CAe70b1e1a77468e2bb50e0421fd619fb1,15,confirming_item,confirming_item,add_item,,,,", snow crab one.",snow crab one,cart,add_item,add_item,0.9951,1,1,ITEM,snow crab,confirm_item_ambiguous,,,clarification,
2026-03-30T18:42:14.279691+00:00,2026-03-30,CAe70b1e1a77468e2bb50e0421fd619fb1,16,confirming_item,confirming_item,add_item,,,,Snow crab black pepper.,snow crab black pepper,cart,add_item,add_item,0.9897,1,1,ITEM,snow crab black pepper,confirm_item_ambiguous,,,clarification,
2026-03-30T18:42:20.239564+00:00,2026-03-30,CAe70b1e1a77468e2bb50e0421fd619fb1,17,confirming_item,confirming_item,add_item,,,,"Snow crab, platter.",snow crab platter,cart,add_item,add_item,0.9678,1,1,ITEM,snow crab platter,confirm_item_ambiguous,,,clarification,
2026-03-30T18:42:35.171632+00:00,2026-03-30,CAe70b1e1a77468e2bb50e0421fd619fb1,18,confirming_item,confirming_item,add_item,,,,", number two is snow crab, like platter.",number two is snow crab like platter,menu,ask_item_info,ask_item_info,0.9478,1,1,ITEM,snow crab like platter,confirm_item_ambiguous,,,clarification,
2026-03-30T18:42:48.117585+00:00,2026-03-30,CAe70b1e1a77468e2bb50e0421fd619fb1,19,confirming_item,confirming_item,add_item,,,,", snow crab, like, platter.",snow crab like platter,cart,add_item,add_item,0.9722,1,1,ITEM,snow crab like platter,confirm_item_ambiguous,,,clarification,
2026-03-30T19:17:26.974344+00:00,2026-03-30,CAe81484044be23aacd5175f2db8ad4f49,1,idle,waiting_for_side,add_item,side,e267fa3a-db86-4bf7-8124-c1523ddd6258,Chicken Taco,I would like to take a chicken taco.,i would like to take a chicken taco,cart,add_item,add_item,0.9961,1,1,ITEM,chicken taco,ask_for_side,,,reprompt,
2026-03-30T19:23:13.730565+00:00,2026-03-30,CAc57bf81611e4b9909ed677a9a7c48858,1,idle,waiting_for_side,add_item,side,e267fa3a-db86-4bf7-8124-c1523ddd6258,Chicken Taco,I would like to order a chicken taco.,i would like to order a chicken taco,cart,add_item,add_item,0.9966,1,1,ITEM,chicken taco,ask_for_side,,,reprompt,
2026-03-30T19:23:23.686488+00:00,2026-03-30,CAc57bf81611e4b9909ed677a9a7c48858,2,waiting_for_side,waiting_for_modifier,add_item,modifier,e267fa3a-db86-4bf7-8124-c1523ddd6258,Chicken Taco,I will take Coke.,i will take coke,cart,add_item,unknown,1.0000,1,1,ITEM,coke,ask_for_modifier,,,reprompt,
2026-03-30T19:23:33.808630+00:00,2026-03-30,CAc57bf81611e4b9909ed677a9a7c48858,3,waiting_for_modifier,waiting_for_modifier,add_item,modifier,e267fa3a-db86-4bf7-8124-c1523ddd6258,Chicken Taco,Avery Tex sausage.,avery tex sausage,cart,add_item,unknown,1.0000,1,1,ITEM,avery tex sausage,ask_for_modifier,,,reprompt,
2026-03-30T19:23:43.416408+00:00,2026-03-30,CAc57bf81611e4b9909ed677a9a7c48858,4,waiting_for_modifier,idle,,,,,Maked jelly.,maked jelly,cart,ask_item_info,unknown,1.0000,1,1,ITEM,maked jelly,item_added_successfully,ADD_ITEM_TO_CART,"item_id=e267fa3a-db86-4bf7-8124-c1523ddd6258;cart_item_id=;quantity=1;variant_id=;sides={""d9dcbebe-7d66-4659-940c-3890678834b5"": [""5e57e093-8aab-4e93-acec-5a696fadd73e""]};side_variants={};modifiers={""1e0fad0b-4d65-4e2d-a8bf-ad9d20696705"": [""fce50f96-e4ad-48ff-914a-cb944402a4f1""], ""600e5a6e-96d5-4759-9ca4-d229b0f6b9c2"": [""917d4025-7326-4fc7-b801-a6d76f14e0a9"", ""44b1d695-76ec-454e-b8d3-c01d5f1dcf92""]}",success_command_emitted,
2026-03-30T19:23:49.479533+00:00,2026-03-30,CAc57bf81611e4b9909ed677a9a7c48858,5,idle,idle,,,,,You got pizza?,you got pizza,menu,availability_query,availability_query,0.9966,1,1,CATEGORY,pizza,show_category,,,slots_detected_no_command,
2026-03-30T19:24:00.858279+00:00,2026-03-30,CAc57bf81611e4b9909ed677a9a7c48858,6,idle,waiting_for_modifier,add_item,modifier,47d75359-75ab-4e9a-a036-5c8594723010,BBQ Chicken Pizza,Barbecue chicken pizza.,barbecue chicken pizza,cart,add_item,add_item,0.9751,1,1,ITEM,barbecue chicken pizza,ask_for_modifier,,,reprompt,
2026-03-30T19:24:11.344549+00:00,2026-03-30,CAc57bf81611e4b9909ed677a9a7c48858,7,waiting_for_modifier,waiting_for_modifier,add_item,modifier,47d75359-75ab-4e9a-a036-5c8594723010,BBQ Chicken Pizza,Italian.,italian,cart,ask_item_info,unknown,1.0000,1,1,ITEM,italian,ask_for_modifier,,,reprompt,
2026-03-30T19:24:21.318251+00:00,2026-03-30,CAc57bf81611e4b9909ed677a9a7c48858,8,waiting_for_modifier,waiting_for_modifier,add_item,modifier,47d75359-75ab-4e9a-a036-5c8594723010,BBQ Chicken Pizza,Banana peppers.,banana peppers,cart,add_item,unknown,1.0000,1,1,ITEM,banana peppers,ask_for_modifier,,,reprompt,
2026-03-30T19:24:33.595590+00:00,2026-03-30,CAc57bf81611e4b9909ed677a9a7c48858,9,waiting_for_modifier,waiting_for_size,add_item,size,47d75359-75ab-4e9a-a036-5c8594723010,BBQ Chicken Pizza,I will take spicy tomato sauce.,i will take spicy tomato sauce,cart,add_item,unknown,1.0000,1,1,ITEM,spicy tomato sauce,ask_for_size,,,reprompt,
2026-03-30T19:24:42.165606+00:00,2026-03-30,CAc57bf81611e4b9909ed677a9a7c48858,10,waiting_for_size,waiting_for_quantity,add_item,quantity,47d75359-75ab-4e9a-a036-5c8594723010,BBQ Chicken Pizza,Make it large.,make it large,cart,modify_item,unknown,1.0000,0,1,SIZE,large,ask_for_quantity,,,reprompt,
2026-03-30T19:24:49.242463+00:00,2026-03-30,CAc57bf81611e4b9909ed677a9a7c48858,11,waiting_for_quantity,idle,,,,,I will take two.,i will take two,cart,change_quantity,unknown,1.0000,0,1,QUANTITY,2,item_added_successfully,ADD_ITEM_TO_CART,"item_id=47d75359-75ab-4e9a-a036-5c8594723010;cart_item_id=;quantity=2;variant_id=large;sides={};side_variants={};modifiers={""79de45c1-e0c7-4392-91c5-a0a587ed6361"": [""15be8476-75e4-4a21-8974-992b25ea74af""], ""f1d63ffe-ec97-4ce5-af35-7701f6738b81"": [""4d9f8ee6-bb29-460a-8a74-d991021772d3""], ""f2253502-1973-4346-ba26-613db082038b"": [""7ef672eb-f04f-48a0-9ebb-5558a453099b""]}",success_command_emitted,
2026-03-30T19:24:55.627720+00:00,2026-03-30,CAc57bf81611e4b9909ed677a9a7c48858,12,idle,confirming_order,,,,,No. That's all.,no thats all,order,finish_order,finish_order,0.9399,0,0,,,confirm_order_summary,,,success,
2026-03-30T19:25:02.231189+00:00,2026-03-30,CAc57bf81611e4b9909ed677a9a7c48858,13,confirming_order,confirming_order,,,,,Is that a checkout?,is that a checkout,order,order_placement_status,order_placement_status,0.8130,0,0,,,confirm_order_summary,,,success,
2026-03-30T19:25:07.987775+00:00,2026-03-30,CAc57bf81611e4b9909ed677a9a7c48858,14,confirming_order,waiting_for_payment,,,,,Yeah.,yeah,confirmation,affirm,confirm,1.0000,0,0,,,payment_link_sent,,,success,
2026-03-30T19:25:15.201607+00:00,2026-03-30,CAc57bf81611e4b9909ed677a9a7c48858,15,waiting_for_payment,idle,,,,,I I have done with the payment.,i i have done with the payment,payment,payment_done,payment_done,0.9458,0,0,,,order_completed,CLEAR_CART,item_id=;cart_item_id=;quantity=;variant_id=;sides={};side_variants={};modifiers={},success_command_emitted,
2026-03-30T19:29:03.771954+00:00,2026-03-30,CAf28872a9a716d9e16f49cd3709a4b73e,1,idle,idle,,,,,And you guys got burgers?,and you guys got burgers,menu,availability_query,availability_query,0.9888,1,1,ITEM,burgers,menu_ambiguity,,,slots_detected_no_command,
2026-03-30T19:29:13.483833+00:00,2026-03-30,CAf28872a9a716d9e16f49cd3709a4b73e,2,idle,waiting_for_side,add_item,side,f915405d-7ae7-4ff7-95ab-9638684863cd,Chicken Burger,Chicken burger.,chicken burger,cart,add_item,add_item,0.9849,1,1,ITEM,chicken burger,ask_for_side,,,reprompt,
2026-03-30T19:29:24.039319+00:00,2026-03-30,CAf28872a9a716d9e16f49cd3709a4b73e,3,waiting_for_side,waiting_for_side,add_item,side,f915405d-7ae7-4ff7-95ab-9638684863cd,Chicken Burger,And microelectronics.,and microelectronics,menu,ask_item_info,unknown,1.0000,1,1,ITEM,microelectronics,repeat_side_options,,,reprompt,
2026-03-30T19:29:33.487584+00:00,2026-03-30,CAf28872a9a716d9e16f49cd3709a4b73e,4,waiting_for_side,waiting_for_side,add_item,side,f915405d-7ae7-4ff7-95ab-9638684863cd,Chicken Burger,Classic cheese.,classic cheese,cart,add_item,unknown,1.0000,1,1,ITEM,cheese,too_many_side_choices,,,slots_detected_no_command,
2026-03-30T19:29:44.784455+00:00,2026-03-30,CAf28872a9a716d9e16f49cd3709a4b73e,5,waiting_for_side,waiting_for_side,add_item,side,f915405d-7ae7-4ff7-95ab-9638684863cd,Chicken Burger,"I want American, please.",i want american please,cart,add_item,unknown,1.0000,1,1,ITEM,american,ask_for_side,,,reprompt,
2026-03-30T19:29:54.512727+00:00,2026-03-30,CAf28872a9a716d9e16f49cd3709a4b73e,6,waiting_for_side,waiting_for_side,add_item,side,f915405d-7ae7-4ff7-95ab-9638684863cd,Chicken Burger,I will take lab made.,i will take lab made,cart,change_quantity,unknown,1.0000,1,2,"ITEM, VARIANT","lab, made",repeat_side_options,,,reprompt,
2026-03-30T19:30:02.514943+00:00,2026-03-30,CAf28872a9a716d9e16f49cd3709a4b73e,7,waiting_for_side,waiting_for_side,add_item,side,f915405d-7ae7-4ff7-95ab-9638684863cd,Chicken Burger,I want plant meat.,i want plant meat,cart,add_item,unknown,1.0000,1,1,ITEM,plant meat,ask_for_side,,,reprompt,
2026-03-30T19:30:09.745258+00:00,2026-03-30,CAf28872a9a716d9e16f49cd3709a4b73e,8,waiting_for_side,waiting_for_side,add_item,side,f915405d-7ae7-4ff7-95ab-9638684863cd,Chicken Burger,No. But I don't want my,no but i dont want my,confirmation,deny,deny,0.8057,1,0,,,required_side_cannot_skip,,,observed,
2026-03-30T19:30:16.522585+00:00,2026-03-30,CAf28872a9a716d9e16f49cd3709a4b73e,9,waiting_for_side,waiting_for_side,add_item,side,f915405d-7ae7-4ff7-95ab-9638684863cd,Chicken Burger,don't want pan.,dont want pan,cart,remove_item,unknown,1.0000,1,1,ITEM,pan,repeat_side_options,,,reprompt,
2026-03-30T19:30:16.729288+00:00,2026-03-30,CAf28872a9a716d9e16f49cd3709a4b73e,10,waiting_for_side,waiting_for_side,add_item,side,f915405d-7ae7-4ff7-95ab-9638684863cd,Chicken Burger,I don't want ma'am.,i dont want maam,cart,remove_item,unknown,1.0000,1,1,ITEM,maam,repeat_side_options,,,reprompt,
2026-03-30T19:30:22.156361+00:00,2026-03-30,CAf28872a9a716d9e16f49cd3709a4b73e,11,waiting_for_side,waiting_for_side,add_item,side,f915405d-7ae7-4ff7-95ab-9638684863cd,Chicken Burger,No bun.,no bun,cart,remove_item,unknown,1.0000,1,1,ITEM,bun,too_many_side_choices,,,slots_detected_no_command,
2026-03-30T19:30:22.382558+00:00,2026-03-30,CAf28872a9a716d9e16f49cd3709a4b73e,12,waiting_for_side,waiting_for_side,add_item,side,f915405d-7ae7-4ff7-95ab-9638684863cd,Chicken Burger,I don't want Ben.,i dont want ben,cart,remove_item,unknown,1.0000,1,1,ITEM,ben,repeat_side_options,,,reprompt,
2026-03-30T19:30:28.359642+00:00,2026-03-30,CAf28872a9a716d9e16f49cd3709a4b73e,13,waiting_for_side,waiting_for_modifier,add_item,modifier,f915405d-7ae7-4ff7-95ab-9638684863cd,Chicken Burger,A plain bun.,a plain bun,cart,add_item,unknown,1.0000,1,1,ITEM,plain bun,ask_for_modifier,,,reprompt,
2026-03-30T19:30:32.834727+00:00,2026-03-30,CAf28872a9a716d9e16f49cd3709a4b73e,14,waiting_for_modifier,waiting_for_modifier,add_item,modifier,f915405d-7ae7-4ff7-95ab-9638684863cd,Chicken Burger,Potato pan.,potato pan,cart,add_item,unknown,1.0000,1,1,ITEM,potato pan,repeat_modifier_options,,,reprompt,
2026-03-30T19:30:43.390840+00:00,2026-03-30,CAf28872a9a716d9e16f49cd3709a4b73e,15,waiting_for_modifier,waiting_for_modifier,add_item,modifier,f915405d-7ae7-4ff7-95ab-9638684863cd,Chicken Burger,I want,i want,cart,change_quantity,change_quantity,0.5884,1,0,,,repeat_modifier_options,,,reprompt,
2026-03-30T19:30:48.843871+00:00,2026-03-30,CAf28872a9a716d9e16f49cd3709a4b73e,16,waiting_for_modifier,waiting_for_modifier,add_item,modifier,f915405d-7ae7-4ff7-95ab-9638684863cd,Chicken Burger,bacon.,bacon,cart,add_item,unknown,1.0000,1,1,ITEM,bacon,ask_for_modifier,,,reprompt,
2026-03-30T19:30:56.541326+00:00,2026-03-30,CAf28872a9a716d9e16f49cd3709a4b73e,17,waiting_for_modifier,waiting_for_modifier,add_item,modifier,f915405d-7ae7-4ff7-95ab-9638684863cd,Chicken Burger,Bacon.,bacon,cart,add_item,unknown,1.0000,1,1,ITEM,bacon,repeat_modifier_options,,,reprompt,
2026-03-30T19:31:02.714949+00:00,2026-03-30,CAf28872a9a716d9e16f49cd3709a4b73e,18,waiting_for_modifier,waiting_for_quantity,add_item,quantity,f915405d-7ae7-4ff7-95ab-9638684863cd,Chicken Burger,No.,no,confirmation,deny,deny,0.9878,1,0,,,ask_for_quantity,,,reprompt,
2026-03-30T19:31:06.714666+00:00,2026-03-30,CAf28872a9a716d9e16f49cd3709a4b73e,19,waiting_for_quantity,waiting_for_quantity,add_item,quantity,f915405d-7ae7-4ff7-95ab-9638684863cd,Chicken Burger,"No, Ben.",no ben,confirmation,deny,unknown,1.0000,1,1,ITEM,ben,invalid_quantity_option,,,reprompt,
2026-03-30T19:31:09.854651+00:00,2026-03-30,CAf28872a9a716d9e16f49cd3709a4b73e,20,waiting_for_quantity,idle,,,,,Two.,two,cart,change_quantity,unknown,1.0000,0,1,QUANTITY,2,item_added_successfully,ADD_ITEM_TO_CART,"item_id=f915405d-7ae7-4ff7-95ab-9638684863cd;cart_item_id=;quantity=2;variant_id=;sides={""1533aa4b-2fb3-4c34-93b8-3dc8725e14f8"": [""5bb47e26-ae7c-4d83-a055-e6d144e1e7c5""], ""41ebef92-7eec-45e1-ab7a-7ef4a9e761cf"": [""d20e28a1-f7b1-4db2-972d-fd53e7abf9cc""], ""47f97ded-8cb7-4d0c-8c4a-33acf9c9a302"": [""73b9413f-9333-4d9f-904f-cda8269347b7""]};side_variants={};modifiers={""c9d5417c-a93e-49da-a157-02bdf043fa90"": [""06617c2c-4033-48a2-912e-ca552415eb1f""]}",success_command_emitted,
2026-03-30T19:31:14.113446+00:00,2026-03-30,CAf28872a9a716d9e16f49cd3709a4b73e,21,idle,waiting_for_side,add_item,side,f915405d-7ae7-4ff7-95ab-9638684863cd,Chicken Burger,Add two chicken burgers.,add two chicken burgers,cart,add_item,add_item,0.9961,1,1,ITEM,chicken burgers,ask_for_side,,,reprompt,
2026-03-30T19:31:24.697817+00:00,2026-03-30,CAf28872a9a716d9e16f49cd3709a4b73e,22,waiting_for_side,waiting_for_side,add_item,side,f915405d-7ae7-4ff7-95ab-9638684863cd,Chicken Burger,American cheese.,american cheese,cart,add_item,unknown,1.0000,1,1,ITEM,american cheese,ask_for_side,,,reprompt,
2026-03-30T19:31:34.266689+00:00,2026-03-30,CAf28872a9a716d9e16f49cd3709a4b73e,23,waiting_for_side,waiting_for_side,add_item,side,f915405d-7ae7-4ff7-95ab-9638684863cd,Chicken Burger,Please meet.,please meet,confirmation,affirm,confirm,0.8018,1,0,,,repeat_side_options,,,reprompt,
2026-03-30T19:31:43.254642+00:00,2026-03-30,CAf28872a9a716d9e16f49cd3709a4b73e,24,waiting_for_side,waiting_for_side,add_item,side,f915405d-7ae7-4ff7-95ab-9638684863cd,Chicken Burger,I said beef meat.,i said beef meat,cart,cart_item_query,unknown,1.0000,1,1,ITEM,beef meat,ask_for_side,,,reprompt,
2026-03-30T19:31:52.841912+00:00,2026-03-30,CAf28872a9a716d9e16f49cd3709a4b73e,25,waiting_for_side,waiting_for_side,add_item,side,f915405d-7ae7-4ff7-95ab-9638684863cd,Chicken Burger,Plain bun.,plain bun,cart,add_item,unknown,1.0000,1,1,ITEM,bun,too_many_side_choices,,,slots_detected_no_command,
2026-03-30T19:32:03.689347+00:00,2026-03-30,CAf28872a9a716d9e16f49cd3709a4b73e,26,waiting_for_side,waiting_for_modifier,add_item,modifier,f915405d-7ae7-4ff7-95ab-9638684863cd,Chicken Burger,I said plain bun.,i said plain bun,cart,modify_item,unknown,1.0000,1,1,ITEM,plain bun,ask_for_modifier,,,reprompt,
2026-03-30T19:32:13.665077+00:00,2026-03-30,CAf28872a9a716d9e16f49cd3709a4b73e,27,waiting_for_modifier,waiting_for_modifier,add_item,modifier,f915405d-7ae7-4ff7-95ab-9638684863cd,Chicken Burger,No.,no,confirmation,deny,deny,0.9878,1,0,,,ask_for_modifier,,,reprompt,
2026-03-30T19:32:26.138461+00:00,2026-03-30,CAf28872a9a716d9e16f49cd3709a4b73e,28,waiting_for_modifier,idle,,,,,I said whole wheat bun.,i said whole wheat bun,cart,add_item,unknown,1.0000,1,1,ITEM,whole wheat bun,item_added_successfully,ADD_ITEM_TO_CART,"item_id=f915405d-7ae7-4ff7-95ab-9638684863cd;cart_item_id=;quantity=2;variant_id=;sides={""1533aa4b-2fb3-4c34-93b8-3dc8725e14f8"": [""3e398c85-68ce-4fd7-b6e1-6922f44e5723""], ""41ebef92-7eec-45e1-ab7a-7ef4a9e761cf"": [""d20e28a1-f7b1-4db2-972d-fd53e7abf9cc""], ""47f97ded-8cb7-4d0c-8c4a-33acf9c9a302"": [""73b9413f-9333-4d9f-904f-cda8269347b7""]};side_variants={};modifiers={""df25d095-5f01-402e-b2f0-0f5633b69070"": [""324f5681-bf28-4cf4-a847-acd6fceaa50c""]}",success_command_emitted,
2026-03-30T19:32:31.775433+00:00,2026-03-30,CAf28872a9a716d9e16f49cd3709a4b73e,29,idle,confirming_order,,,,,No.,no,confirmation,deny,deny,0.9878,0,0,,,confirm_order_summary,,,success,
2026-03-30T19:32:38.112138+00:00,2026-03-30,CAf28872a9a716d9e16f49cd3709a4b73e,30,confirming_order,waiting_for_payment,,,,,Yeah. Checkout.,yeah checkout,order,checkout,checkout,0.9609,0,0,,,payment_link_sent,,,success,
2026-03-30T19:32:46.122944+00:00,2026-03-30,CAf28872a9a716d9e16f49cd3709a4b73e,31,waiting_for_payment,idle,,,,,I have done the payment.,i have done the payment,payment,payment_done,payment_done,0.9756,0,0,,,order_completed,CLEAR_CART,item_id=;cart_item_id=;quantity=;variant_id=;sides={};side_variants={};modifiers={},success_command_emitted,
2026-03-30T19:35:28.269947+00:00,2026-03-30,CA81b9e5089d9f1e994b6d59b47352def1,1,idle,waiting_for_size,add_item,size,11377897-fdf5-4a3b-a9f5-9d0d406c2dda,Bun,I would like to order a bun.,i would like to order a bun,cart,add_item,add_item,0.9966,1,1,ITEM,bun,ask_for_size,,,reprompt,
2026-03-30T19:35:39.626040+00:00,2026-03-30,CA81b9e5089d9f1e994b6d59b47352def1,2,waiting_for_size,idle,,,,,A whole wheat bun.,a whole wheat bun,cart,add_item,unknown,1.0000,1,1,ITEM,whole wheat bun,item_added_successfully,ADD_ITEM_TO_CART,item_id=11377897-fdf5-4a3b-a9f5-9d0d406c2dda;cart_item_id=;quantity=1;variant_id=whole wheat bun;sides={};side_variants={};modifiers={},success_command_emitted,
2026-03-30T19:35:46.764896+00:00,2026-03-30,CA81b9e5089d9f1e994b6d59b47352def1,3,idle,waiting_for_side,add_item,side,f915405d-7ae7-4ff7-95ab-9638684863cd,Chicken Burger,I want a chicken burger.,i want a chicken burger,cart,add_item,add_item,0.9971,1,1,ITEM,chicken burger,ask_for_side,,,reprompt,
2026-03-30T19:35:57.486399+00:00,2026-03-30,CA81b9e5089d9f1e994b6d59b47352def1,4,waiting_for_side,waiting_for_side,add_item,side,f915405d-7ae7-4ff7-95ab-9638684863cd,Chicken Burger,American cheese.,american cheese,cart,add_item,unknown,1.0000,1,1,ITEM,american cheese,ask_for_side,,,reprompt,
2026-03-30T19:36:08.507209+00:00,2026-03-30,CA81b9e5089d9f1e994b6d59b47352def1,5,waiting_for_side,waiting_for_side,add_item,side,f915405d-7ae7-4ff7-95ab-9638684863cd,Chicken Burger,Lamp meat.,lamp meat,cart,add_item,unknown,1.0000,1,1,ITEM,lamp meat,too_many_side_choices,,,slots_detected_no_command,
2026-03-30T19:36:17.808929+00:00,2026-03-30,CA81b9e5089d9f1e994b6d59b47352def1,6,waiting_for_side,waiting_for_side,add_item,side,f915405d-7ae7-4ff7-95ab-9638684863cd,Chicken Burger,Lamb meat.,lamb meat,cart,add_item,unknown,1.0000,1,1,ITEM,lamb meat,ask_for_side,,,reprompt,
2026-03-30T19:36:28.078833+00:00,2026-03-30,CA81b9e5089d9f1e994b6d59b47352def1,7,waiting_for_side,waiting_for_modifier,add_item,modifier,f915405d-7ae7-4ff7-95ab-9638684863cd,Chicken Burger,Make it plain bun.,make it plain bun,cart,modify_item,unknown,1.0000,1,1,ITEM,plain bun,ask_for_modifier,,,reprompt,
2026-03-30T19:36:39.716003+00:00,2026-03-30,CA81b9e5089d9f1e994b6d59b47352def1,8,waiting_for_modifier,waiting_for_modifier,add_item,modifier,f915405d-7ae7-4ff7-95ab-9638684863cd,Chicken Burger,Bacon.,bacon,cart,add_item,unknown,1.0000,1,1,ITEM,bacon,ask_for_modifier,,,reprompt,
2026-03-30T19:36:50.795859+00:00,2026-03-30,CA81b9e5089d9f1e994b6d59b47352def1,9,waiting_for_modifier,waiting_for_quantity,add_item,quantity,f915405d-7ae7-4ff7-95ab-9638684863cd,Chicken Burger,A whole wheat pan.,a whole wheat pan,cart,add_item,unknown,1.0000,1,1,ITEM,whole wheat pan,ask_for_quantity,,,reprompt,
2026-03-30T19:36:57.403679+00:00,2026-03-30,CA81b9e5089d9f1e994b6d59b47352def1,10,waiting_for_quantity,idle,,,,,I will say two.,i will say two,cart,change_quantity,unknown,1.0000,0,1,QUANTITY,2,item_added_successfully,ADD_ITEM_TO_CART,"item_id=f915405d-7ae7-4ff7-95ab-9638684863cd;cart_item_id=;quantity=2;variant_id=;sides={""1533aa4b-2fb3-4c34-93b8-3dc8725e14f8"": [""907824e9-59e8-49c7-93ec-11f129d2b24e""], ""41ebef92-7eec-45e1-ab7a-7ef4a9e761cf"": [""d20e28a1-f7b1-4db2-972d-fd53e7abf9cc""], ""47f97ded-8cb7-4d0c-8c4a-33acf9c9a302"": [""73b9413f-9333-4d9f-904f-cda8269347b7""]};side_variants={};modifiers={""c9d5417c-a93e-49da-a157-02bdf043fa90"": [""06617c2c-4033-48a2-912e-ca552415eb1f""], ""df25d095-5f01-402e-b2f0-0f5633b69070"": [""324f5681-bf28-4cf4-a847-acd6fceaa50c""]}",success_command_emitted,
2026-03-30T19:37:03.788432+00:00,2026-03-30,CA81b9e5089d9f1e994b6d59b47352def1,11,idle,confirming_order,,,,,No. That's all.,no thats all,order,finish_order,finish_order,0.9399,0,0,,,confirm_order_summary,,,success,
2026-03-30T19:37:11.091086+00:00,2026-03-30,CA81b9e5089d9f1e994b6d59b47352def1,12,confirming_order,confirming_order,,,,,What's in my cart?,whats in my cart,cart,show_cart,show_cart,0.9790,0,0,,,show_cart,,,observed,
2026-03-30T19:37:21.802470+00:00,2026-03-30,CA81b9e5089d9f1e994b6d59b47352def1,13,confirming_order,waiting_for_payment,,,,,Checkout.,checkout,order,checkout,checkout,0.9673,0,0,,,payment_link_sent,,,success,
2026-03-30T19:37:29.535433+00:00,2026-03-30,CA81b9e5089d9f1e994b6d59b47352def1,14,waiting_for_payment,idle,,,,,I have done the payment.,i have done the payment,payment,payment_done,payment_done,0.9756,0,0,,,order_completed,CLEAR_CART,item_id=;cart_item_id=;quantity=;variant_id=;sides={};side_variants={};modifiers={},success_command_emitted,
